"branch","item_name","purchase_count"
"Adana","BILLUR IYOTLU 500 GR PLASTIK *20*","1"
"Adana","OYUNCAK BCR JEEP","1"
"Adana","PRIL 675 GR POW.LIMON *20*","1"
"Adana","ALGIDA MAX CILEKLI 70 ML *30*","1"
"Adana","NIVEA LIP VANILYA","1"
"Adana","MİKRO VERSATIL 2MM","1"
"Adana","EXCELLENCE KREM SAC BOYASI 6/32","1"
"Adana","VTK VERSATIL KALEM 0.7","1"
"Adana","SENSODYNE D.MAC. 75 ML+50 TAM KORUMA BYZ.*12*","1"
"Adana","H&SHOUL.275 ML 1/1 S.KREMI BESLEYICI *6*","1"
"Adana","MILKA JOY SUTLU 60 GR *20*","1"
"Adana","PRF.CALDION BAYAN SET","1"
"Adana","VENUSLINE SAC FIRCASI 5142","1"
"Adana","COLGATE D.FIR.PREMIER *12*","1"
"Adana","CALCENE PELIN YAZ OYUNLARI","1"
"Adana","KIRTA.FB 96 YP KARELI DEF","1"
"Adana","PENTI 15 DEN DIZALTI 57 TEN","1"
"Adana","TOTAL GRAPON KAGIT MAVİ","1"
"Adana","KENTON PIR.UNU SADE 500 GR *12*","1"
"Adana","BEYPILIC KUTULU GRILL PILIC KZM.KG","1"
"Adana","PRT.STONE ASKIN TADI KLASIK","1"
"Adana","OPP BULGUR IRMIK POSET 1 KG","1"
"Adana","139 LUKS OVAL NISA MATARA","1"
"Adana","MESTON NERGIS BANK","1"
"Adana","GEZER TERLIK ZENNE TRASLI 6520000","1"
"Adana","DD ESSENTIALS MAKYAJ TEMIZLEME SUYU","1"
"Adıyaman","VIVIDENT ACTIVE Y.NANE CUZDAN 33 GR","1"
"Adıyaman","PRT.RENKLI FOTOKOPI KAGIDI 100LÜ","1"
"Adıyaman","PRT.PAREX EKO.BUZG.VANIL.KOK. COP TOR.KUC.","1"
"Adıyaman","TAK-CIKAR PUZZLE IS MAKINALARI 9","1"
"Afyonkarahisar","ICIM KASAR DILIMLI TOS 200 GR *20*","1"
"Afyonkarahisar","ALGIDA MAX ROCKS 90 ML","1"
"Afyonkarahisar","ARIEL FEBR.ETK.1,2 KG PARL.RENKL.*12*","1"
"Afyonkarahisar","ONAS TAHTA KALEMI MAVI","1"
"Afyonkarahisar","FABER VERSATIL POLY MATIC 0.5","1"
"Aksaray","DOGUS FORM NANE LIMON 20'LI 40 GR.*12*","1"
"Aksaray","P.BA.52417 BONBON MAVI BARDAK TK","1"
"Aksaray","OYUNCAK 3 IN 1 SILINDIR KULE","1"
"Aksaray","YUMURCAK ANGEL SET","1"
"Aksaray","M.ORIGINAL DSN-807 CANTALI KULAKLIK","1"
"Aksaray","ALGIDA FESTIVAL KARADUT-VAN 750 ML","1"
"Aksaray","MUDURNU SOKLU TAB. BUT","1"
"Aksaray","ULKER BIZIM TOZ PUD.150 GR KAK.FIN.*24*","1"
"Aksaray","GEZER 7978.01 EVA FILET ERKEK *12*","1"
"Aksaray","TICON FON KARTONU 50*70 10LU KRS","1"
"Aksaray","KIRTA.LINEPLUS FOSFORLU KLM.TRC.","1"
"Aksaray","KUTULU PILLI AKILLI TELEFON","1"
"Aksaray","SIGARA VICEROY SWITCH","1"
"Aksaray","FA DEO FIJI DREAM 150 ML","1"
"Aksaray","NEFIS.KAJU FISTIK 250 GR PAK*20*","1"
"Aksaray","BANVIT TABAKLI PIRZOLA SOSLU","1"
"Aksaray","DUNYA MASALLARI 2","1"
"Ankara","OYUNCAK VAK.4 ARAC TASIYAN TIR.","1"
"Ankara","NERGIS KAVURMA (BATON) KG.","1"
"Ankara","NESTLE CHOKELLA 750 GR KASE *12*","1"
"Ankara","MESTON CIM USTU CICEKLIK","1"
"Ankara","PROTEX 75 GR PRO BAKIM*36*","1"
"Ankara","NERGIS MAK.FIYONK 5 KG.","1"
"Ankara","UGUR BOCEGI BARBIE BEBEK","1"
"Ankara","KITAP ROBINSON CRUSOE - DIONIS","1"
"Ankara","YUREGIM SANA AIT","1"
"Ankara","PASTEL NUDE OJE 764 (MIST)","1"
"Ankara","TITIZ TP-858 DOMY PELUSLU MOP","1"
"Ankara","TUTKU BAYAN GENİŞ ASKILI ÇITÇITLI BODY 4-XL BEYAZ","1"
"Ankara","BERRAK HAVLU 2 LI *12*","1"
"Ankara","10x15 DIKISLI BLOKNOT A6/1","1"
"Ankara","FATIH FANTASTIK KURSUN KALEM","1"
"Ankara","OYUNCAK MELISSA BEBEK","1"
"Ankara","ALGIDA DOVME BUYUK 1400 ML *6*","1"
"Ankara","NFC TONIK CANLANDIRICI N/K 200 ML","1"
"Ankara","BENTO ERKEK TERLIK","1"
"Ankara","COLGATE D.MAC.125 ML MAX FR.YES.*48*","1"
"Ankara","VIVIDENT CUZDAN FRUIT KARPUZ 26 GR*18*","1"
"Ankara","CHE GUEVERA / PANAMA","1"
"Ankara","IKILI KUTULU FROZEN BEBEK","1"
"Ankara","MAR.BIRLIK Z.YAGI NAT.SIZMA 1 LT.PET*12*","1"
"Ankara","TITIZ ARONI AP-9091 PAPATYA ERZ.KB. 1,7 LT","1"
"Ankara","KIRTA.YENER KUP BLOK NOT KAGIGI","1"
"Ankara","CARPEX PAS SOKUCU","1"
"Ankara","PENTI FIT 15 KLT. 500-3","1"
"Ankara","CANEM PIRATES KORSAN","1"
"Ankara","OYUNCAK BARBIE SEF MUTFAK SET","1"
"Ankara","KARLIDAG KURU COKELEK KG","1"
"Ankara","OYUNCAK BATMAN VE SUPERMEN 200 PRC.PUZZLE","1"
"Ankara","BAY.SEK.KENT TOFF BOGURTLEN KG.","1"
"Ankara","ALPARSLAN / PANAMA","1"
"Ankara","ALGIDA C.DOR DON.PAS.1.LT CIK.FIST.","1"
"Ankara","GEZER P.ARASI EVA MERDANEGT5YME.07799.00","1"
"Ankara","DEO ADIDAS ROLL-ON BAYAN FRESH 50ML","1"
"Ankara","DEO CALDION STICK BAY 45 GR","1"
"Ankara","DEO CALDION 150 ML BAYAN JEANS","1"
"Ankara","KENT F.GRANUL ICECEK 300 GR PORT.*12*","1"
"Ankara","UTOMBUL KC.KAMYON","1"
"Ankara","OYUNCAK USTEN BASMALI HAYVANLAR","1"
"Ankara","TAMBURLANMIS PODUMA TASI","1"
"Ankara","CAPPY MEYVA TANEM SEFTALI 330 ML PET","1"
"Ankara","KOLES.SET BOYA 4/77 KADIFE KAHVE","1"
"Ankara","MARLA 50-92 NOT DEFTERI","1"
"Ankara","NM KREM 75 ML","1"
"Ankara","BIZIM M.MAYONEZ 250 GR *12*","1"
"Ankara","PINAR KETCAP 600 GR KATKISIZ TATLI *6*","1"
"Ankara","MUZIK KALPLI PELUS AYICIK 58 CM","1"
"Ankara","TORKU SEKER BEYAZ STICK 4 GR*175*","1"
"Ankara","PEYMAN FINDIK ICI 200 GR *12*","1"
"Ankara","ALCAN YASSI KADAYIF 1 KG","1"
"Ankara","KUCUK DOZER","1"
"Ankara","ALGIDA SO GOOD CIKO. 275 ML *6*","1"
"Ankara","ODESAN 240 YP 5+2 SPR DEFTER","1"
"Ankara","EXCELLENCE KREM SAC BOYASI 5/60","1"
"Ankara","POSETTE HAYVAN SET","1"
"Ankara","AKAT SAC SPREY 180 ML YESIL","1"
"Ankara","PENG.RECEL 800 GR AHUDUDU *12*","1"
"Ankara","MUHTESEM SULEYMAN / CEP","1"
"Ankara","PENTI MORENA TAYT 84","1"
"Ankara","LUX BAY CORAP","1"
"Ankara","PRT.KUMANDALI ARABA","1"
"Ankara","MOPAK A4 100 YAPRAK KARELI DEFTER","1"
"Ankara","YUM TITRESIMLI EL BOMBALI SET","1"
"Ankara","WRİGHT TRUCK SET","1"
"Ankara","ELIT SEK.GOZDEM STAR KREM KUTU 246 GR","1"
"Ankara","ULKER 388-7 9 KAT FIND.GOF.62 GR *18*","1"
"Ankara","JACOBS MONARCH 100 GR CAM*6*","1"
"Ankara","MAR.BIR.DOKME BIBERLI DOLMA XL (201-230)","1"
"Ankara","PINAR HINDI FILETO 120 GR *16*","1"
"Ankara","MARLA ML-702 SIVI SILICI 20 ML","1"
"Ankara","BORA 0485 OVAL SAK.KABI NO0","1"
"Ankara","ORAL B D.FIR.CLAS.ORTA 3 'LU","1"
"Ankara","OYUNCAK HZR POWERFUL CAR","1"
"Ankara","ICIM KAYMAK 180 GR *9*","1"
"Ankara","BERRAK BAYAN IP ASKILI","1"
"Ankara","FA ROLL-ON 50 ML FRESH PULSE (MEN)","1"
"Ankara","BCR DISPLAYDE","1"
"Ankara","KOL.EYUP S.T. 22 CAM 250 ML *24*","1"
"Ankara","PRT.SPIDERMAN PUZZLE","1"
"Ankara","SOSERO KAHV.ACUKA 200 GR*12*","1"
"Ankara","TEMAT KUP BLOK","1"
"Ankara","EGLENCELI MATEMATIK / ICONININ","1"
"Ankara","KOL.EYUP S.T.HATIRALAR 400 ML *24*","1"
"Ankara","MONAMI DUST FREE SILGI BUYUK","1"
"Ankara","ULKER 1187-7 HANIM.COKODA.246 GR*8*","1"
"Ankara","PENTI 20 DEN DIZALTI 44 KES.KALP","1"
"Ankara","SHAZILI HAZ.T.KAHV.SEKERLI 11 GR*12*","1"
"Ankara","SC.BRITE YESIL KLAS.TIR.KORU.*24*","1"
"Ankara","MUHTESEM RENKLER","1"
"Ankara","SOGAN KURU-2","1"
"Ankara","DETAN ELEK.CIHAZ+YEDEK *24*","1"
"Ankara","ALGIDA CLASSICS COOKIE CUP 105ML *18*","1"
"Ankara","BIZIM MUT.CORBA SIYEZ BUGDAYI 107,5 GR *12*","1"
"Ankara","DALIN KIDS SAMP.CILEK 300 ML*24*","1"
"Ankara","PIKNIK 1494-P KART.TAB.10 LU KC *120*","1"
"Ankara","BARBIE SERVIS ARABASI","1"
"Ankara","TOMBUL DOZER","1"
"Ankara","GEZER 1960.00 PANDUF BEBE ERKEK","1"
"Ankara","OYUNCAK KUTULU KUVETLI ET BEBEK","1"
"Ankara","RAYTING TAHTA KALEMI","1"
"Ankara","BAG.POS.5 LI VANILYA 5 GR.*30*","1"
"Ankara","NESTLE 65 GR ANTEP FISTIKLI KARE *6*","1"
"Ankara","ELB.DOMATES CERI","1"
"Ankara","WINX OKUL CANTASI 63265","1"
"Ankara","TARIS EGE SIZMA Z.YAGI 3 LT *6*","1"
"Ankara","ELIDOR 650 ML GUCLU&PARLAK 2/1 *16*","1"
"Ankara","KITAP AVCI SALDIRISI GIZLI DINAZOR","1"
"Ankara","POINT 11 KONULU 330 YP. AYRACLI DEFTER A4","1"
"Ankara","DOVE SAMP. 600 ML UZUN SACLAR *16*","1"
"Ankara","TEKFEN SOFTLITE 60 WATT *100*","1"
"Ankara","TOTAL GRAPON KAGIT BEYAZ","1"
"Ankara","PRT.KENT MISIR UNU 400 GR","1"
"Ankara","OYUNCAK FUTBOL TOPU","1"
"Ankara","24 CANT UMIT BISIKLET","1"
"Ankara","NEVACOLOR OKSIDASYON %6","1"
"Ankara","KITAP METAFIZIK ISTIHBARAT","1"
"Ankara","PRATIK INGILIZCE KONUSMA KLAVUZU / GKUSU","1"
"Ankara","ADEL CAM BANT 33 MT","1"
"Ankara","BAY.SEK.ULKER CIKOLATIN 1KG *1*","1"
"Ankara","REXONA MN ROLL-ON SHOWER FR.50 ML","1"
"Ankara","CARS BASKET KCK SET","1"
"Antalya","EVEREST KM-6600 SIYAH 2.4 Ghz 1000/1200 KABLOSUZ MAUSE","1"
"Antalya","P.BA.SOLINGEN 26/16 TENCERE","1"
"Antalya","PIKNIK 0107 MUM SAMDAN 3 LU","1"
"Antalya","GULSAN HELVA 200 GR KAKAOLU *24*","1"
"Antalya","COCUK KALBI / SIS","1"
"Antalya","MESTON NERGIS BANK","1"
"Antalya","COCA COLA 1,5 LT SEKERSIZ *12*","1"
"Antalya","SUTAS KASAR 200 GR PIKNIK *48*","1"
"Antalya","BIZIM MUT.MAK.500 GR SPAGETTI *20*","1"
"Antalya","SIGARA CAMEL EST.1913 BLACK*10*","1"
"Antalya","TOTAL IGNE UCLU JEL KALEM","1"
"Antalya","TORUNOGLU PEYNIR LUX VAKUMLU KG","1"
"Antalya","FRESH'N SOFT MENDIX HAVLU 90 'LI PRT*24*","1"
"Antalya","MOLPED.SOFT CARE GECE SUP.EKO 20 LI*16*","1"
"Antalya","PUZZLE 100 PRC.CARS 2","1"
"Antalya","P.BA.52752 DORO SU BARDAK","1"
"Antalya","P.BA.80001 YATIK BUYUK KAVANOZ","1"
"Antalya","MABER RAKET SET","1"
"Antalya","DIRILIS / KAMER","1"
"Antalya","OPP SEKER KRISTAL BEYAZ POSET 5 KG","1"
"Antalya","DERS SEVMEZ HAMDI 6x7 / CEP","1"
"Aydın","ETI CINKEK 3 LU 120 GR *20*","1"
"Aydın","MICRO MARKER KALEM 7MM","1"
"Aydın","TIGRA CIZIM SETI PERGELLI","1"
"Balıkesir","BERRAK 2011 BAYAN ATLET M","1"
"Balıkesir","P.BA.FALCON PASTA TABAK TAKIM","1"
"Balıkesir","MESTON TAC MAHAL PIKNIK MASASI","1"
"Balıkesir","CEM 24 NO YUMURTA TAVA","1"
"Balıkesir","KIRTA.TEMAT STICK YAPS.10GR","1"
"Balıkesir","NILDEN YUMURTA 15'LI SARI (M)","1"
"Balıkesir","VIVIDENT BOX DAMLA SAKIZ ARO.*20*","1"
"Balıkesir","G.ANTEP PATLICAN KURUSU","1"
"Balıkesir","PENTİ SUPER KLT. 500-1","1"
"Balıkesir","IST.AYTAC MEY.SUYU 1/1 VISNE NEKTARI*12*","1"
"Balıkesir","FUNNY 3D PUZZLE 3BOYUTLU HD YAPBOZ","1"
"Balıkesir","H&SHOUL.450 ML MENTOL FER.+FIRCA *6*","1"
"Balıkesir","HAYAL BEBEK TURKCE KONUSAN","1"
"Balıkesir","PINAR KETCAP 600 GR KATKISIZ TATLI *6*","1"
"Balıkesir","DETAN SINEK KIRAN 275 ML*48*","1"
"Balıkesir","OYUNCAK ASETAT KUT.KAHRAMAN BEBEK","1"
"Balıkesir","MARC DEO 900 GR FLORAL *12*","1"
"Balıkesir","KENT CARAMELA SUTLU BITTER 210 GR*12*","1"
"Balıkesir","TUKAS KETCAP 700 GR ACILI *12*","1"
"Balıkesir","ULKER DIDO TRIO BIT.SUTLU 36,5 GR *144*","1"
"Balıkesir","ELS S KREMI RENK KORUYUCU 360/","1"
"Balıkesir","BINGO SIL BANYO 500+500 ML. *6*","1"
"Balıkesir","PELIKAN 24 RENK PASTEL BOYA","1"
"Balıkesir","ETI NEGRO 40 MINI *16*","1"
"Bartın","PIKNIK 1484-P KART.BARD.9 ONS 6'LI *100*","1"
"Bartın","OYUNCAK ORTA POLIS SETI","1"
"Bartın","TORKU BISK.131 GR TAM BUGDAYLI *24*","1"
"Batman","SARF KAGIT CANTA BUYUK *300*","1"
"Batman","BANVIT TABAKLI IZGARA DRUMSTICK","1"
"Batman","SIRMA SODA 200 ML KARPUZ&CILEK *24*","1"
"Batman","PROXI YUZEY TEM.1 LT YAB.GULU *12*","1"
"Batman","GARNIER 3 ETK.MUK.MAK.TEM.LOS..K-HAS.CLT.","1"
"Batman","TUTKU COCUK DANTELLI TAYT","1"
"Batman","GOLGEKAPAN KARANLIK KUREDEN KACIS","1"
"Batman","A4 SPIRALLI TARAFTAR DEFTER BJK","1"
"Batman","OYUNCAK KT.FONK. AKS. DEFNE BEBEK","1"
"Batman","ICIM TEREYAGI 250 GR *16*","1"
"Batman","SEBAMED CLEAR FACE TEMIZLEME KÖPÜGÜ","1"
"Bilecik","ETI PAYKEK HAVUCLU CEV.TAR. 220 GR*6*","1"
"Bilecik","MUDURNU POSETLI BUTUN PILIC","1"
"Bilecik","FLORMAR PRETTY MASCARA VOLUME","1"
"Bilecik","KARLIDAG PEYNIR SURULEBILIR 700 GR","1"
"Bingöl","P.BA.10424 RENKLI PAELLA BOL KASE","1"
"Bingöl","NAMALDI RIB.ERK.V.YAKA KOLLU 3L 131","1"
"Bolu","TITIZ KARMA CAM KAVANOZ","1"
"Bolu","EDDING TAHTA KLM. MUREKKEBI","1"
"Bolu","OYUNCAK PJMASKS ORTA KOVA SET","1"
"Bolu","GARNIER S.NAT BB EYE ROLL ON T7ML TR MEDIU","1"
"Bursa","GOLBASI SALATALIK TURSULUK","1"
"Bursa","NESFIT MEYVELI EKO 450 GR *12*","1"
"Bursa","MAGIC ZEKA KUP","1"
"Bursa","JUDY MOODY GELECEGI GORUYOR","1"
"Bursa","IGLO PILIC KOFTE 300GR *10*","1"
"Bursa","CANBEBE TEM.HAVLU SENSITIVE 64 'LU*24*","1"
"Bursa","KARTON KAPAK OKUL DEFTERI A5 40/4","1"
"Bursa","MESTON IKI KULELI AHSAP OYUN GRUBU","1"
"Bursa","YALANLAR REHBERI","1"
"Bursa","DEO NIVEA ROLL-ON DRY 50ML ERK","1"
"Bursa","ALGIDA MARAS SADE 500 ML *6*","1"
"Bursa","SIRMA TEREYAGI 850 GR TUZLU","1"
"Bursa","PINAR KASAR DILIMLI TOST 350 GR","1"
"Bursa","KIRTA.MET.40 YAP.CIZGILI LISE","1"
"Bursa","SARF TATLI KUTUSU 2 KG LIK *200*","1"
"Bursa","KITAP EPSILON ROMAN","1"
"Bursa","ULKER ONEO 2161-08 CILEK FLI.SAK.21 GR 8X20","1"
"Bursa","CALINMIS HAYAT","1"
"Bursa","BLENDAX 400 ML 2/1 BALOZLU *6*","1"
"Bursa","DURU S.SABUN 750 ML.UYAN ART.*9*","1"
"Bursa","EN GUZEL ANNEDEN COCUKLARA MASALLAR","1"
"Bursa","ESSE COTTON KILOTLU","1"
"Bursa","MOLFIX ISLAK HAV.IZOTONIK HAS.CILTLER *12*","1"
"Bursa","KUM KALEMTRAS 100-1FT","1"
"Bursa","DURU SAC KREMI 550 ML TUM SAC.*12*","1"
"Bursa","PRIMA A.BABY DEV JUNIOR PLUS 48 LI *2*","1"
"Bursa","YANLIZ ADAMIN HAYALLERI","1"
"Bursa","KUTAHYA CICEKLI CAY TAKIMI","1"
"Bursa","OYUNCAK MUTFAK SETI 2'LI","1"
"Bursa","GEZER 9654 MERDANE *12*","1"
"Çankırı","UNTAD SANDVIC EKO PAKET 6'LI 360 GR","1"
"Çankırı","CANEM FARMER HAYVANLAR","1"
"Çankırı","30 GUNDE MUKEMMEL CILT","1"
"Çankırı","PIL KODAK XTRA HEAVY 9 V","1"
"Çankırı","UMIT GRISSINI KEPEKLI 100 GR.","1"
"Denizli","KARLIDAG YOGURT 450 GR SUZME","1"
"Denizli","TROPICANA M.SUYU 330 ML CAN KARISIK *24*","1"
"Denizli","PAKMAYA 20 GR SALEP *48*","1"
"Denizli","YUMURCAK STRIKERS","1"
"Denizli","MUZIKLI KALPLI ATKILI AYI 45 CM","1"
"Denizli","HERO BABY 500 GR.1 BEB.FORM","1"
"Denizli","INOX KORUKLU DOSYA 13 GOZLU","1"
"Denizli","CENTI 12 LI KURUBOYA","1"
"Diyarbakır","IMPARATORLAR ADASI","1"
"Diyarbakır","GEZER FİLET ERKEK PARMAKARASI GT6YFM.08854.00","1"
"Diyarbakır","BIZIM M.EV KETCAP 800 GR ACI *12*","1"
"Diyarbakır","KUT.PILLI ISIKLI TRANSFORMERS 0315","1"
"Diyarbakır","WEE 840 SILIKON DAMAKLI EMZIK NO1","1"
"Diyarbakır","FABER VERSATIL POLY MATIC 0.5","1"
"Diyarbakır","PROXI YUZEY TEM.1 LT YAB.GULU *12*","1"
"Diyarbakır","WEE 901 EMZIK ASKISI","1"
"Diyarbakır","ULKER 1587-03 FLIPZ BIT.KRAKER 60 GR *18*","1"
"Diyarbakır","PENTI 20 DEN DIZALTI 44 KES.KALP","1"
"Edirne","TUTKU ERKEK BAXER","1"
"Erzurum","MILUPA 200 GR MEYV.KOKTYL. *6*","1"
"Erzurum","BUYUK 155 POLIS MCQUEEN ARABA","1"
"Erzurum","DAREN MEY.SODA ELMA 200 ML *24*","1"
"Erzurum","KENT MADLEN KARISIK 504 GR *6*","1"
"Erzurum","KOMILI YUVAM T.K.32 LI *3*","1"
"Erzurum","SARF KAGIT CANTA KUCUK *140*","1"
"Erzurum","TAT KETCAP+MAYONEZ 2X400 CC *6*","1"
"Erzurum","PASTEL OJE 120","1"
"Erzurum","NERGIS KAH.TOPAK TEREYAGI 500 GR","1"
"Erzurum","YILDIZ CINCIN","1"
"Erzurum","PRT.DAREN S.CAY 250 ML LIMON *24*","1"
"Erzurum","PASTEL NUDE OJE 752 (ROSE)","1"
"Erzurum","OYUNCAK SESLI KILIC","1"
"Erzurum","SLEEPY ISLAK HAV. 3X50'LI GUL *12*","1"
"Erzurum","GEZER P.ARASI KIZ FILET TERLIK","1"
"Erzurum","COLGATE D.MAC. 75 ML PRO-RE.BYZ.*12*","1"
"Erzurum","KITAP KOSEM IKTIDAR SERBETI KAN KOKAR","1"
"Eskişehir","KOLES.SET BOYA 8/0 ACIK KUMRAL","1"
"Eskişehir","COLGATE D.MAC. 75 ML PRO.REL.MIN.ONAR.*12*","1"
"Eskişehir","PENTI 15 DEN SUPER PANTOLON 38","1"
"Eskişehir","BINGO SIVI DET. 2 LT ERGUVAN ES.*6*","1"
"Eskişehir","PAREX BUZDOLABI POS.ORTA 4 AL 3 ODE*12*","1"
"Eskişehir","ETI PETITO AYICIK 13 GR *12*","1"
"Eskişehir","OYUNCAK 23X15 KOLLUK","1"
"Eskişehir","ELS.SAC KR.360 ML KOMP.ONARICI*6*","1"
"Eskişehir","BEBELAC 4 500 GR SIVI *24*","1"
"Eskişehir","GEZER ZENNE PARMAKARASI GT5YZE.08667.00","1"
"Eskişehir","NEF.17.LEBLEBI SARI DUBLE 1 KG","1"
"Eskişehir","BAY.SEK.SOLEN MAX BAR KG","1"
"Eskişehir","KIZILAY MADEN SUYU EXTRA LIMONLU 250 CC","1"
"Eskişehir","MOLFIX FIRSAT MAXI 60 LI*3*","1"
"Eskişehir","NFC PURE&EFFECT ALL IN ONE 150 ML","1"
"Eskişehir","PEL.28 CM GERCEK YUZLU ARI SARKILI","1"
"Eskişehir","GEZER 9031 PVC GONDOL ZENNE *12*","1"
"Gaziantep","ELIDOR 350 ML CAN. GOST.HACM. *18*","1"
"Gaziantep","SUDOR GUAJ BOYA 10 RENK","1"
"Gaziantep","GAR ARINDIR TEM JELI KARMA YAG T150","1"
"Gaziantep","MILUPA APTAMIL SUTLU BISK. 500 GR","1"
"Gaziantep","BIOBLAS.SAC DOK KAR.KREMI 200 ML*6*","1"
"Gaziantep","ALGIDA KEYIF VANILYA 750 ML","1"
"Gaziantep","MUDURNU POSETLI BUTUN PILIC","1"
"Gaziantep","CEM PROMO 24 CM SERAMIK K.YARIK TAVA","1"
"Gaziantep","DURACELL TURBO KALEM 4+2'LI AA","1"
"Gaziantep","HAYAT SU 19 LT","1"
"Gaziantep","BAY.SEK.ULKER BONBON SUTLU KG.","1"
"Gaziantep","DOGUS FILIZ 1 KG+300 GR SEKER HED.*10*","1"
"Gaziantep","OYUNCAK KRT. MANKEN GUZELLIK SETI","1"
"Gaziantep","NERGIS PET COREK OTU 140 GR.*20*","1"
"Gaziantep","ETI D.PAYKEK MOZ.30 GR*36*","1"
"Gaziantep","SERVE BOLD 0,7 VERSATIL KALEM","1"
"Gaziantep","SILKA RUBY SILGI 20'LI","1"
"Gaziantep","CTONA METAL KALEM TRAS","1"
"Gaziantep","OYUNCAK KUT.NESE GELINLIKLI BEBEK","1"
"Gaziantep","SUPER F.PIZZA SIP SAK MINI 360 GR *12*","1"
"Gaziantep","PENTI BAYAN THERMAL TAYT 500-2","1"
"Gaziantep","GIPTA OFICA MER.KAY.BANT 50MMX25M","1"
"Gaziantep","HERO BABY 110 GR SUTLU PRINC MISIRLI","1"
"Gaziantep","MILUPA APTAMIL 900 GR 2","1"
"Gaziantep","FIRST KUTU 21,5 GR CILEK *20*","1"
"Gaziantep","ELSEVE SAMP. 360 ML CICEK OZU *6*","1"
"Gaziantep","TUKAS MAYONEZ 725 CC GR *12*","1"
"Gaziantep","BIZIM MISIROZU 5 LT.PET *4*","1"
"Gaziantep","PRT.OYUNCAK PELUS CIVCIV KARMA","1"
"Gaziantep","WEE 878 PP.GEN.AGIZ.BIB.150 ML","1"
"Gaziantep","KIRMIZI PERMANENT KALEMI","1"
"Gaziantep","OYUNCAK KUTULU MUZIKLI SALLABAS","1"
"Gaziantep","MUZIKLI KALPLI PELUS AYI 37 CM","1"
"Gaziantep","MİKRO GLUE STICK 9GR","1"
"Gaziantep","HB.LF 031176 3 NO SEF.YUV. BAD.","1"
"Giresun","TADIM BADEM ICI KAV.180 GR","1"
"Giresun","GARNIER ARIND.TONIK KARMA YAG.200 ML","1"
"Giresun","CANEM HAPPY LOVE BEBEK","1"
"Giresun","CARTE D'OR PUD.KAKAO+MUZ 2 Lİ*12*","1"
"Gümüşhane","DEO SHE 150 ML ANGEL","1"
"Gümüşhane","ABC ULTRA Y. C.SUYU 2 KG BEMBEYAZ *9*","1"
"Gümüşhane","BINGO BANYO+MUTFAK 750 ML *12*","1"
"Hakkari","DEO JAGLER BAY STORM 150 ML","1"
"Hakkari","JOVI OYUN HAMURU 4 LU","1"
"Hakkari","SARF SHARP YAZAR KASA RULOSU IGNE UCLU","1"
"Hakkari","PALETTE DELUXE 8-01","1"
"Hakkari","YUMURCAK MAX ARABA","1"
"Hakkari","GOLBASI PATATES HASLAMALIK","1"
"Hakkari","KITAP SEYH BEDREDDIN","1"
"Hakkari","HAPPY RABBIT 150 PRC","1"
"Hakkari","ERNET1621 GIRGIR IKILI","1"
"Hakkari","PAREX CAM BEZI 3 AL 2 ODE*24*","1"
"Hakkari","TOTAL KREPON KAGIDI FOSFORLU","1"
"Isparta","ASK VE GURUR","1"
"Isparta","TURANC SET","1"
"Isparta","TITIZ TP-180 FIRCALI CAMSIL","1"
"Isparta","MILUPA 125 GR SUTLU.PRINC.POR.MIS.","1"
"Isparta","GEZER MERDANE FLİP FLOP GT5YMF.07271.00","1"
"Isparta","SAMUR S.BOYA FIRC.N0 1","1"
"Kahramanmaraş","KOSKA HELVA 45 GR KAGIT CIK.KAK. *30*","1"
"Kahramanmaraş","TOFITA SARIMSAK EZECEGI","1"
"Kahramanmaraş","JIBER 146 LIKRALI UZUN DON BEYAZ NO3","1"
"Kahramanmaraş","RAMAZAN PAKETI NERGIS MERCIMEK KIRMIZI IC 1 KG","1"
"Kahramanmaraş","NESTLE CITIR GOFRET 5 LI(5X18 GR) BITTER *20*","1"
"Kahramanmaraş","PAMELA BAYAN LUX TERMAL CORAP","1"
"Kahramanmaraş","BIFA 4010 TATKEK MEY.BATON 150 GR*12*","1"
"Kahramanmaraş","PRF.REBUL COLORS 100 ML WHI.HED.","1"
"Kahramanmaraş","KOSKA RECEL 1700 GR VISNE *4*","1"
"Kahramanmaraş","TAFT SAC SPREYI 250 ML POWER EXPRES","1"
"Kahramanmaraş","ORAL B D.FIR.COMPLETE 5 WAY CLEAN *12*","1"
"Kahramanmaraş","KOZA 203 BAYAN ATLET L","1"
"Kahramanmaraş","ULKER 064 COK.KASE 500 GR *6*","1"
"Kahramanmaraş","TITIZ TP-852 ISPANYOLA MOP","1"
"Kahramanmaraş","KIRTA.FABER MERCANLI 2160","1"
"Karaman","MODERN CITY","1"
"Karaman","MUZIKLI KALPLI PELUS AYI 37 CM","1"
"Karaman","MONOPOL MISHAP","1"
"Karaman","KUCUK PRENS / TUNA","1"
"Karaman","KNORR 130 GR TAVUK CESNISI*24*","1"
"Karaman","PANTENE 470 ML 2&3/1 NEML.BAKIM *6*","1"
"Karaman","OYUNCAK KT.PULLI YAZAR KASA","1"
"Karaman","PRENSES LU PUZZLE","1"
"Karaman","BEN10 VERSATIL KALEM","1"
"Karaman","F 021 FLORA SAMPIYON OTO FIRCASI","1"
"Karaman","JACOBS MONARCH GOLD 200GR POS.*6*","1"
"Karaman","CANEM SESLI DIREKSIYON","1"
"Karaman","CARPEX TYPES KLIMA KOKU SUMMER BREEZE","1"
"Kayseri","DELTA ZIMBA TELI 24/6","1"
"Kayseri","AVCI TUFEK SET","1"
"Kayseri","GULSAN RECEL 380 GR GUL *12*","1"
"Kayseri","ELSEVE SAMP. 360 ML CICEK OZU *6*","1"
"Kayseri","PINAR SUT 6 LI KIDO KAKAOLU","1"
"Kayseri","KENT OLIPS XS17 GR MENTHOL-NANE *16*","1"
"Kayseri","PERSIL MAT.1,5 KG BAHAR FERAHLIGI *9*","1"
"Kayseri","DURU S.SABUN 750 ML.G. MANGO *9*","1"
"Kayseri","NFC YUZ TEMIZLEME KOPUGU K/H 150ML","1"
"Kayseri","TUTKU COCUK DANTELLI TAYT","1"
"Kayseri","BAY.SEK.ELIT FIGARO KG","1"
"Kayseri","KIRTA.TURBO CAKMAKLI MIN 0.5-0.7","1"
"Kayseri","ZENGIBAR ISOT 100 GR","1"
"Kayseri","BIFA 850 NEGRILLO MOZ BIS.175 GR*12*","1"
"Kayseri","DEO NIVEA 150 ML.MEN INVISIBLE B&W","1"
"Kayseri","YAYLA MERCIMEK 1 KG KIRMIZI YAPRAK *16*","1"
"Kilis","NASCITA SIDE SAC FIRCASI 18MM 06-K","1"
"Kilis","BAY.SEK.KENT LIMONATAT KG","1"
"Kilis","M.ORIGINAL MOODS-3 KULAKLIK 3 FILELI","1"
"Kilis","ROYAL OCT-041 CAM SEKERLIK","1"
"Kilis","ULKER 802-7 DANKEK MAG.CIK.100 GR*12*","1"
"Kilis","EKICI KASAR PEY.400 GR*12*","1"
"Kilis","PATOS SUPER BOY MEKS.ATSI 100 GR*21*","1"
"Kocaeli","PRT.Everest SGM-X7 Usb Siyah Gaming Mouse Pad ve Oyuncu Mouse","1"
"Kocaeli","CENTROPEN ASETAT KALEM KRM","1"
"Kocaeli","BINGO MATIK 10 KG SODA ETKILI *1*","1"
"Kocaeli","SOSERO DOMATES KURUSU 300 GR*12*","1"
"Kocaeli","PENTI BAYAN THERMAL TAYT 500-4","1"
"Kocaeli","KUTULU EDANUR PUSETLI BEBEK","1"
"Kocaeli","HALK BIS.CAI.KAKAO KAPL.MARSH 11 GR*6*","1"
"Kocaeli","PRIMA A.BABY IKIZ PLUS JUNIOR 26'LI *3*","1"
"Kocaeli","ALGIDA CLASIC TRIO 1000 ML","1"
"Kocaeli","OYUNCAK KALP YASTIK NO.4 36 CM","1"
"Kocaeli","MERSIN BIBER CARLI","1"
"Kocaeli","SINDY RESIM DEFTERI 25X35","1"
"Konya","BERRAK 1501 COCUK ATLET 6","1"
"Konya","GEZER KETTEN KIZ PATİK GA2YPM.01848.00","1"
"Konya","GEZER ZENNE FLİP FLOP GT5YZE.08403.00","1"
"Konya","GEZER 9031 PVC GONDOL ZENNE *12*","1"
"Konya","PENTI 80 DEN PRETTY 10","1"
"Konya","MAROL MERSIN","1"
"Konya","TORKU PEYNIR KREMPARE 200 GR *32*","1"
"Konya","BARILLA MAK 500 GR LASAGNE*15*","1"
"Konya","PRT.GONDOL G-90102 KEK KAPSULU PVC KUCUK","1"
"Konya","PRINGLES 165 GR KETCAP AROMALI","1"
"Kütahya","PINAR DONUK MANTI 400 GR KAYSERI","1"
"Kütahya","FATIH OYUN HAMURU KÜÇÜK 4RENK","1"
"Kütahya","KOZA BAYAN TANGA 44626","1"
"Kütahya","GLASSCO 14350 HILAL SUTLAC KASE","1"
"Kütahya","KOZA KEKIK *36*","1"
"Kütahya","LION ILK ARABAM","1"
"Kütahya","KOSKA RECEL 1700 GR BOGURTLEN *4*","1"
"Kütahya","GUNSAN SEMPATY UCLU TOP.FISLI PRZ","1"
"Kırşehir","KENT DELUX SUTLU 146 GR *6*","1"
"Kırşehir","TOYBOX GLXY MISKET SAKIZ *144*","1"
"Kırşehir","MUZIKLI PELUS PANDA 37 CM","1"
"Kırıkkale","OYUNCAK KUMANDALI CILGIN ARABA","1"
"Kırıkkale","KOZA BAYAN SLIP","1"
"Kırıkkale","GOLBASI TURP KIRMIZI","1"
"Malatya","POSETTE ASKERLER","1"
"Malatya","DALIN T.MEND.REFIL 56 X 3 LU *8*","1"
"Malatya","KNORR YORESEL VALIDE SULTAN COR 85 GR*48*","1"
"Malatya","NATURAL BASIK TENCERE 24 CM","1"
"Malatya","OYUNCAK SU TABANCASI","1"
"Malatya","TURKUAZ 210 YP.6+1 PP KAPAK SPR.","1"
"Malatya","OYUNCAK JALE BEBEK","1"
"Manisa","NEF.31.KAJU FISTIGI 1 KG","1"
"Manisa","YUMOS 1440 ML EXT. AURA *9*","1"
"Manisa","0232 DEV BOY STICKER","1"
"Manisa","MARET KOKTEYL SOSIS DANA 250 GR","1"
"Manisa","DELTA ZIMBA TELI 10","1"
"Manisa","HALK BIS.KREMALI 72 GR VANL.*30*","1"
"Manisa","METAL TUKENMEZ KALEM","1"
"Mersin","PILLI TREN","1"
"Mersin","PIKNIK 1529 BUZDOLABI POS.ORT. 3+1 *24*","1"
"Rize","PRT.BAYAN YAZLIK TERLIK","1"
"Sakarya","CARPEX CIFT KOKULU KLIMA YAZ/ALP ESINTISI","1"
"Sakarya","ALGIDA CORNETTO DISC K.DUT BOG.160 ML","1"
"Sakarya","NG.VC SIYAH NOKTA TEM.TONIK 200 ML","1"
"Sakarya","KITAP SUC VE CEZA /PANAMA","1"
"Sakarya","UZAY MINI CHEETOS SHOTS KETCAP 17 GR *105*","1"
"Sakarya","PREMIER BLENDIR","1"
"Sakarya","YUMOS 1440 ML EXT.SENS.LILY.LOTUS.CIC*9*","1"
"Sakarya","OFIS ICLI KEK","1"
"Sakarya","ROYAL WINDSOR KITCHEN SET JR 044","1"
"Sakarya","PENTI LYCRA FIT KULOTLU CORAP","1"
"Sakarya","OYUNCAK KRT. SAHALI 2-LI BEYBILET","1"
"Sakarya","GAR ARINDIR TEM JELI KARMA YAG T150","1"
"Sakarya","BIBER SIVRI KIL","1"
"Sakarya","DOGADAN GEL.K.DENIZ B.POSET 200 GR*6*","1"
"Sakarya","DEO 8X4 SPREY FEARLESS 150 ML","1"
"Sakarya","OYUNCAK YUVARLAK MASA","1"
"Sakarya","SEK SICAK CIKOLATA 500 GR","1"
"Sakarya","PENTI FIT LIKRA KILOTLU 57/2","1"
"Sakarya","WINKS VERSATIL KALEM TRAS","1"
"Sakarya","A.AVIEN OJE 274","1"
"Sakarya","AYTAC CERKEZ DANA SUCUK ACILI ACIK","1"
"Sakarya","WEE 828 SILIKON UC.GEN.BIB.EMZ.NO1","1"
"Samsun","OYUNCAK KT. PILLI DINAZOR","2"
"Samsun","NERGIS COK AMACLI UN 5 KG *4*","1"
"Samsun","MEYVE SEBZE SETI KESILEN","1"
"Samsun","SIGARA KENT DRANGE GREY LONG","1"
"Samsun","GEZER 7528 LORIS TERLIK MERDANE *6*","1"
"Samsun","DIMES SUT 200 ML SADE *27*","1"
"Samsun","REBUL DARK SPICE KOLONYA 270 ML","1"
"Samsun","P.BA.CELIK 10 LT DUDUKLU TENCERE","1"
"Samsun","FABER STICK YAPISTIRICI 10GR*24","1"
"Samsun","ETI CIN 25 GR *36*","1"
"Samsun","ALGIDA MAX LIMON 54 ML *36*","1"
"Samsun","PENTI 40 DEN MUS & OPAK 57","1"
"Samsun","DR.OETKER 10 GR P.SUSU KELEBEK *25*","1"
"Samsun","HAYAL BEBEK TURKCE KONUSAN","1"
"Samsun","PALETTE DELUXE 7-887","1"
"Samsun","GILLETTE TRAS KOPUGU HASSAS 300ML","1"
"Siirt","OYUNCAK KT.FONK. AKS. IDIL BEBEK","1"
"Siirt","REXONA WM STICK COTTON 50 ML","1"
"Siirt","SARF 35*50 LAMINELI KASAP KAG.*30KG*","1"
"Siirt","PINAR SUCUK 180 SOLEN EKO PK*10*","1"
"Siirt","GEZER FİLET ERKEK FLİP FLOP GT5YFF.06799.00","1"
"Tokat","OYUNCAK MINI 4'LU OYUN HAMURU","1"
"Tokat","P.BA.10268 MARMARA KAYIK K.","1"
"Tokat","NAZILLI KURU MUSAKKALIK PATLICAN","1"
"Tokat","ARIELMATIK KONS.6 KG.BYZ.CICEK *3*","1"
"Trabzon","ALPELLA 1580-7 BATON ANT.FIST.35 GR*72*","1"
"Trabzon","PRIMA IKIZ ACTIVE MAXI PLUS 34 LU*3*","1"
"Trabzon","SARF (SHD) PAKET ET KIYMA ETIKETI","1"
"Trabzon","GILLETTE VENUS BREZE MAKINA 2 UP*10*","1"
"Trabzon","FURKAN PILLI AMBULANS","1"
"Trabzon","NESTLE 65 GR DAMAK INCI*6*","1"
"Trabzon","YUMOS 2 LT DOGANIN OZU *9*","1"
"Uşak","ULKER 1084-06 KRISPI TIRT.PEY.SOGAN 92 GR *14*","1"
"Uşak","GILLETTE TRAS KOPUGU HASSAS 300ML","1"
"Uşak","IPEK SAMP.600 ML DOKULME KARSITI *12*","1"
"Uşak","KOLES.KOPUK 55/46 KIZIL BUYU","1"
"Yozgat","ALGIDA MARAS SADE CIK.SE PROMO 500 ML*6*","1"
"Yozgat","HARIBO 60 GR CHOCS CILEK *12*","1"
"Yozgat","EVEREST SC-401 USB MIKROFONLU PC KAMERA","1"
"Yozgat","GEZER AYAKKABI PATIK PANDOF 1332","1"
"Zonguldak","DALAN SAMP.400 ML ONARICI BAKIM *12*","1"
"Zonguldak","KOKULU BEBEK","1"
"Zonguldak","ALGIDA C.DOR 1 LT.PARC.KAY.VIS.BIT.","1"
"Zonguldak","TUTKU BAYAN KILOT BEYAZ NAK.XXL","1"
"Zonguldak","PINAR SUT 6 LI KIDO MUZLU","1"
"Zonguldak","ARBELLA MAK.400 GR GLU.KALIN KESME *24*","1"
"Zonguldak","CELEBI TRAKYA BALDO PRINC 2,5 KG *6*","1"
"Zonguldak","PRIMA IKIZ PR.CARE MAXI 32'LI *3*","1"
"Zonguldak","SUTAS TATLIM 4X60 GR MUZLU PUD. *24*","1"
"Zonguldak","PENTI COTTON KLT. 66-3","1"
"Zonguldak","NERGIS POS.PUL BIBER 250 GR.*20*","1"
"Zonguldak","COLGATE D.MAC.100 ML 1+1 TOTAL PROJEL*24*","1"
"Şanlıurfa","BIOBLAS SAMP. 360 ML KEPEKLI SACLAR *6*","1"
"Şanlıurfa","41 YASIN BILGISAYAR HATLI TURKCE OKUNUSLU RAHLE BOY","1"
"İstanbul","PRT.RENKLI FOTOKOPI KAGIDI 100LÜ","2"
"İstanbul","SARF TERMAL TERAZI ETIKET YATAY 40X58*150*","2"
"İstanbul","KOZA KOKTEYL PAKET *24*","2"
"İstanbul","PREMIER BLENDIR","2"
"İstanbul","MESTON CIM USTU CICEKLIK","2"
"İzmir","KIRTA.TICAN METAL KALEMTRAS","1"
"İzmir","TUTKU BAYAN THERMAL ALT XL SIYAH","1"
"İzmir","POSETTE ASKERLER","1"
"İzmir","P.BA.TEKLI CIRPICI NO 3","1"
"İzmir","MABER TAHTA KALEMI 35B DOLDURULABILIR KIRMIZI","1"
"İzmir","A5 P.P. KAPAK 100 YP DEFTER","1"
"İzmir","FRITOLOY DORITOS NAC.SUPER 107 GR.*23*","1"
"İzmir","TAMEK RECEL 380 GR AYVA *12*","1"
"İzmir","GOLBASI TURP SIYAH","1"
"İzmir","MESTON CIM USTU CICEKLIK","1"
"İzmir","CARPEX TYPES KLIMA KOKU SUMMER BREEZE","1"
"İzmir","OYUNCAK DIKISLI 6001 VOLEYBOL TOPU","1"
"İzmir","CALVE MAYONEZ 250 GR *12*","1"
"İzmir","BORA 0248 SINEKLIK","1"
"İzmir","KEYROAD 250 GR BEYAZ TUTKAL","1"
"İzmir","OYUNCAK 9 PRC KESME MEYVE SETI","1"
"İzmir","DOYUM MILFOY HAMURU 1000 GR *10*","1"
"İzmir","KARTON KAPAK OKUL DEFTERI A4 40/1","1"
"İzmir","ATASOZLERI DEYIMLER","1"
"İzmir","PRONTO AHSAP YER CILASI 750 ML","1"
"İzmir","GEZER TERLIK BEBE ERKEK GT5YBM.08480.00","1"
"İzmir","PREMIER BLENDIR","1"
"İzmir","BLENDAX 600 ML SAC KREMI KEPEK *12*","1"
"İzmir","AVANT KALEM UCU 0,5 mm","1"
"İzmir","SARF KAGIT CANTA KUCUK *140*","1"
"İzmir","TICON 100YP KARELI","1"
"İzmir","KORPE BAH.DILIMLI SUCUK 500 GR","1"
"İzmir","ALGIDA CORNETTO IN LOVE CHOCOBERRY","1"
"İzmir","PRF.REBUL 100 ML 3 LU KOFRE PRSTIGE","1"
"İzmir","SIRMA TUZLU TEREYAGI KG","1"
"İzmir","TIGRA BALL POINT MAVI SIYAH","1"
"İzmir","KIRTA.FB 72 YP KARELI DEF","1"
"İzmir","NESCAFE GOLD 100 GR *12*","1"
"İzmir","PENTI 15 DEN FIT I5 BURUNSUZ","1"
"İzmir","KIRTA.YENER KUP BLOK NOT KAGIGI","1"
"İzmir","PALETTE DELUXE 4-68 KOYU KESTANE","1"
"İzmir","WATTSON 4 LU TUKEN.KALEM SET","1"
"İzmir","KOZA KOKTEYL PAKET *24*","1"
"İzmir","IPANA D.MAC.100+100 ML K.A.BAK. GUC.FER *12*","1"
"İzmir","NASRETTIN HOCA FIKRALARI / COCUK GEZG.","1"
"İzmir","DOGANAY LIMON SUYU 1 LT NARE *12*","1"
"İzmir","HES MATIK 2.5 KG KAR BEYAZ","1"
"İzmir","ALCAN YUFKA KG","1"
"İzmir","CARPEX ZINCIR YAGLAYICI 200 ML.","1"
"İzmir","PELIKAN 12R SULU BOYA BY","1"
"İzmir","DOKME KOFTE BAHARI 10 KG.","1"
"İzmir","ULKER FLORES MADEN SUYU 200 ML *24*","1"
"İzmir","BIBER SIVRI- 2","1"
"İzmir","NESTLE CORN FLAKES 225 GR *18*","1"
"İzmir","PRT.PAKMAYA PUD.BAL BADEM 2LI","1"
"İzmir","OYUNCAK BASKETBOL TOPU NO 5 SUPER GRIP","1"
"İzmir","KABLOLU IS MAKINALARI","1"
"İzmir","OYUNCAK 3 IN 1 SILINDIR KULE","1"
"İzmir","DALIN Y.DOGAN I.HAVLU 40'LI 3'LU PKT.*8*","1"
"İzmir","SERVE BOLD 0,7 VERSATIL KALEM","1"
"İzmir","PIKNIK 109-P JAPON KURDAN KAV. *24*","1"
"İzmir","KOLES.SET*BOYA 66/46 ASK ALEVI","1"
"İzmir","BAGDAT HINDISTAN CEVIZI EKO.160 GR","1"
"İzmir","KUTAHYA YALDIZLI CAY TAKIMI","1"
"İzmir","NFC MICELLEAIR MAK.TEM.KOPUGU 150 ML","1"
"İzmir","CLEAR BOX SAKLAMA KABI 27LT","1"
"İzmir","SARF BASKILI HEDIYELIK KUCUK POSET*4 KG*","1"
"İzmir","BIOBLAS SAMP. 360 ML ONARICI BAKIM*6*","1"
"İzmir","MENTOS STICK SEKER AHUDUDU 18 GR","1"
"İzmir","ERPILIC TABAKLI BUT KG.","1"
"İzmir","KIRTA.TICON YUVARLAK KALEMTRAS","1"
"İzmir","ETI CRAX BAHARATLI 50 GR","1"
"İzmir","HOBBY SIVI SAB.450 ML NAR OZLU *24*","1"
"İzmir","PASTEL OJE 04","1"
"İzmir","PEROS YOGUN C.SUYU 750 ML BAH.FERAH. *16*","1"
"İzmir","DEO SHE ROLL-ON CLBBER 40 ML","1"
"İzmir","TURP","1"
"İzmir","OHTO PRİVE KALEM","1"
"İzmir","ARBELLA MAK.400 GR GLU.LAZANYA *24*","1"
"İzmir","YAYLA BULGUR GURME 360 GR KINOALI *8*","1"
"İzmir","SIGARA KENT WHITE","1"
"İzmir","AILEDE NUR SOHBETLERI","1"
"İzmir","SUDOR YUZ BOYASI 6LI","1"
"İzmir","OYUNCAK METAL MODEL CEK BIR.ARABALAR","1"
"İzmir","PIKNIK 279-P 2NO KARE SAKL.KABI","1"
"İzmir","DR.OETKER CIK.SOS 125 GR.BITTER *24*","1"
"İzmir","OYUNCAK PILLI ARABA","1"
"İzmir","DERBY TIRAS KREMI NORMAL 100 GR","1"
"İzmir","PATOS CRITOS BARBEKU 97 GR*21*","1"
"İzmir","FABER FOSFORLU 4 LU OYUN HAMURU","1"
"İzmir","KOSLA V.HALI SAMP. LIM.EL.900 ML X 2*6*","1"
"İzmir","SEBAMED SAMPUAN KEPEK ONLEYICI 400 ml","1"
"İzmir","FLASH DASH VERSATIL KALEM","1"
"İzmir","EN GUZEL KARADENIZ FIKRALARI","1"
"İzmir","DALAN SULTAN HAMAMI 700 GR BEYAZ*10*","1"
"İzmir","ORUCOGLU ANTIKYA Z.YAGI RIV.5 LT TNK *4*","1"
"İzmir","DOMATES KOKTEYL SEKER PAKET","1"
"İzmir","BEBELAC GOLD 500 GR SUTLU PIRINCLI","1"
