"item_name","item_code","median_sales"
"HAYVAN 6600 SESLI ORG",19951,"661016940.00"
"AKAT SAC SPREY 180 ML YESIL",3450,"251694864.00"
"PATATES KISLIK TORBA",438,"3083328.00"
"BIZIM MUT BULGUR PILAVLIK 2.5 KG *6*",19857,"2527968.00"
"GOLBASI ELMA STAR",11742,"1322244.00"
"GOLBASI TURP SIYAH",1595,"845664.00"
"MEVSIM GAZOZ PORTAKAL 250 ML*24*",5021,"689904.00"
"GOLBASI SALATALIK TURSULUK",12784,"533376.00"
"KUTULU PILLI AKILLI TELEFON",26158,"464448.00"
"GILLETTE MACH3 8'LI BICAK",1741,"431520.00"
"GOLBASI TURP KIRMIZI",1393,"379656.00"
"MAR.BIR.DOKME BIBERLI DOLMA XL (201-230)",1538,"311424.00"
"OMO MATIK 6000 GR DMST.ET.NTR.*1*",4279,"303480.00"
"ARIELMATIK KONS.6 KG.BYZ.CICEK *3*",10029,"272448.00"
"MERSIN BIBER CARLI",496,"248268.00"
"BAY.SEK.KENT 1 KG CILEK TAT *1*",3017,"216324.00"
"ACTIVEX S.SABUN 1,8 LT+700 ML AKTIF *8*",15875,"203256.00"
"KOSLA V.HALI SAMP. LIM.EL.900 ML X 2*6*",16083,"198288.00"
"TAFT SAC SPREYI 250 ML POWER EXPRES",23731,"179604.00"
"JIBER 146 LIKRALI UZUN DON BEYAZ NO3",16419,"155712.00"
"CALGON 3X500 GR TOZ *10*",3918,"145584.00"
"KUTAHYA CICEKLI CAY TAKIMI",15700,"137304.00"
"SEBAMED CLEAR FACE BAKIM JELI 50 ml",11982,"131184.00"
"GEZER AIRBLOW FILET (KIZ)GT6YFM.08012.01",22804,"130464.00"
"GUNSAN SEMPATY UCLU TOP.FISLI PRZ",6832,"121536.00"
"GEZER TERLIK BEBE ERKEK GT5YBM.08480.00",26472,"115968.00"
"GUNSAN 2 LI 2 MT GRUP PRZ",5386,"111420.00"
"BINGO MATIK 10 KG SODA ETKILI *1*",21477,"108120.00"
"HERO BABY 500 GR.1 BEB.FORM",17723,"106320.00"
"NFC TONIK CANLANDIRICI N/K 200 ML",15097,"104496.00"
"SUPER F.ALTIN BALIK.300 GR",2940,"95280.00"
"S OFCAY DOSTANE 500 GR",27138,"75240.00"
"MAR.BIRLIK Z.YAGI NAT.SIZMA 1 LT.PET*12*",16068,"73836.00"
"MAYLO T.KAGIDI 12 LI *4*",23382,"73728.00"
"PRONTO AHSAP YER CILASI 750 ML",26264,"73164.00"
"NEM DENGESI KARMA/YAGLI (Yesil)",10962,"70368.00"
"GEZER TERLIK ZENNE TRASLI 6520000",21654,"67560.00"
"GAR ARINDIR TEM JELI KARMA YAG T150",13279,"67122.00"
"MILUPA APTAMIL 350 GR PRE- AKILLI KUTU",24536,"66528.00"
"HAYAT SU 19 LT",11976,"66108.00"
"CARPEX ZINCIR YAGLAYICI 200 ML.",19745,"64152.00"
"H&SHOULDERS 550 ML ERK.OZEL DOK.KAR.*6*",12076,"59712.00"
"YUMOS 2 LT DOGANIN OZU *9*",17003,"58896.00"
"SALON S.S. 2 LT NAR *8*",21486,"56760.00"
"ALPARSLAN / PANAMA",26062,"56268.00"
"PRINGLES 165 GR KETCAP AROMALI",2400,"55440.00"
"P.BA.DALGIC ORTA OVAL TEPSI",20087,"54912.00"
"PREMIER BLENDIR",7455,"53928.00"
"ALGIDA MARAS 1 LT SADE YENI *4*",4277,"52344.00"
"BEYPILIC KUTULU GRILL PILIC KZM.KG",15662,"51960.00"
"PIKNIK 279-P 2NO KARE SAKL.KABI",9059,"49560.00"
"DURACELL TURBO KALEM 4+2'LI AA",11918,"46320.00"
"S OFCAY SEVENE 500 GR",15183,"45144.00"
"PENG.RECEL 1800 GR CILEK*6*",9544,"43416.00"
"F 150 FLORA LAVABO ACICI SU POMPASI",23701,"43008.00"
"MILUPA 125 GR SUTLU.PRINC.POR.MIS.",9369,"42876.00"
"MUDURNU POSETLI BUTUN PILIC",1615,"41904.00"
"JACOBS MONARCH 100 GR CAM*6*",14179,"39708.00"
"139 LUKS OVAL NISA MATARA",23299,"39636.00"
"GILLETTE BLUE III SISTEM+6",2813,"38688.00"
"TUTKU BAYAN KROŞETALI ATLET 2-M BEYAZ",20568,"38688.00"
"DOYUM MILFOY HAMURU 1000 GR *10*",25493,"37344.00"
"GILLETTE TRAS KOPUGU HASSAS 300ML",2009,"36720.00"
"KRISTAL Z.YAGI RIV. 500 ML.TNK.*20*",2647,"34956.00"
"KOLES.SET*BOYA 66/46 ASK ALEVI",12897,"34752.00"
"ULKER DUCROS ET IZ. CES.70 GR *12*",11634,"34416.00"
"PIKNIK 0107 MUM SAMDAN 3 LU",17428,"33480.00"
"KORPE BAH.DILIMLI SUCUK 500 GR",17283,"32448.00"
"CARPEX PAS SOKUCU",19743,"31488.00"
"NERGIS POS.PUL BIBER 250 GR.*20*",24661,"30336.00"
"EVY BABY IKIZ PAKET JUNIOR 30'LU *4*",6701,"30144.00"
"EN SEVILEN MASALLAR",7685,"30024.00"
"YANLIZ ADAMIN HAYALLERI",26095,"30024.00"
"ELIDOR 700 ML CAN. BELR.KATLR. *16*",25563,"29808.00"
"KOL.EYUP S.T. 22 CAM 250 ML *24*",23612,"29568.00"
"FABER FOSFORLU KALEM 8LI KALEM 8LI",2312,"29280.00"
"TUTKU ERKEK BAXER LIKRALI",12546,"27576.00"
"UNTAD SANDVIC EKO PAKET 6'LI 360 GR",6522,"27216.00"
"RAMAZAN PAKETI NERGIS KRISTAL BEYAZ SEKER 2 KG",20523,"26784.00"
"BINGO SIL BANYO 500+500 ML. *6*",13187,"26448.00"
"PENTI 80 DEN PRETTY 10",23644,"26340.00"
"ESSE COTTON KILOTLU",21685,"24192.00"
"TURKUAZ 210 YP.6+1 PP KAPAK SPR.",5803,"23424.00"
"YASIN KITABI BILGISAYAR HATLI",8949,"23352.00"
"GOLBASI PATATES HASLAMALIK",12788,"22224.00"
"ETI PAYKEK HAVUCLU CEV.TAR. 220 GR*6*",20409,"22032.00"
"A5 P.P. KAPAK 100 YP DEFTER",8560,"22020.00"
"PATOS CRITOS BARBEKU 97 GR*21*",11239,"21792.00"
"DALAN SULTAN HAMAMI 700 GR BEYAZ*10*",18844,"21504.00"
"DURU S.SABUN 750 ML.UYAN ART.*9*",18563,"21504.00"
"LUX BAY CORAP",10286,"21408.00"
"TUKAS MAYONEZ 725 CC GR *12*",20274,"20808.00"
"BIZIM M.EV KETCAP 800 GR ACI *12*",3745,"20592.00"
"MUJDE LUX OGRENCI OPAK 10-3",26042,"20544.00"
"CIPSO SUPER BOY KIRMIZI BIB.100 GR",11145,"20304.00"
"BERRAK BAY V YAKA FANILA",10084,"20016.00"
"KOZA 203 BAYAN ATLET L",11638,"19680.00"
"P.BA.80001 YATIK BUYUK KAVANOZ",13731,"19572.00"
"DURU TURK HAM.125 GR X 4 *18*",6707,"18984.00"
"VIVIDENT ACTIVE Y.NANE CUZDAN 33 GR",4482,"18648.00"
"BERRAK 1501 COCUK ATLET 6",19735,"18624.00"
"ALGIDA MAG.BLACK ESPR.PROMO *20*",18448,"18432.00"
"A4 SPIRALLI TARAFTAR DEFTER BJK",24236,"17616.00"
"PRT.UDAG WA0020 TURK KAHVESI SET",22098,"17544.00"
"MILKA M-JOY BUTUN FINDIKLI 55 GR*48*",12578,"17388.00"
"BERRAK BAYAN IP ASKILI",14799,"17136.00"
"KOZA BAYAN SLIP",979,"16680.00"
"GEZER P.ARASI KIZ FILET TERLIK",21648,"16608.00"
"KARTON KAPAK OKUL DEFTERI A5 40/4",17281,"16416.00"
"TAMEK RECEL 380 GR AYVA *12*",22454,"15720.00"
"CLEAR BOX SAKLAMA KABI 27LT",27895,"14136.00"
"KOZA KOKTEYL PAKET *24*",24136,"13248.00"
"CANBEBE TEM.HAVLU SENSITIVE 64 'LU*24*",2960,"12840.00"
"PIKNIK 264-P YUVARLAK KASE",26658,"12288.00"
"VIVIDENT BOX DAMLA SAKIZ ARO.*20*",11663,"12096.00"
"FIRST KUTU 21,5 GR CILEK *20*",12209,"11799.00"
"PIKNIK 1429 KEK KALIBI",22405,"10608.00"
"GUMUS BAY-BAYAN ATLET",15681,"10512.00"
"BORA 0485 OVAL SAK.KABI NO0",16189,"10224.00"
"IST.AYTAC MEY.SUYU 1/1 VISNE NEKTARI*12*",23597,"10080.00"
"KUCUK PRENS / TUNA",25842,"10008.00"
"DERS SEVMEZ HAMDI 6x7 / CEP",23391,"10008.00"
"HALK BIS.KREMALI 140 GR KAKAOLU *12*",20300,"9840.00"
"PROTEX 75 GR PRO BAKIM*36*",6180,"8904.00"
"PRT.UDAG WA0048 TEKLI CEREZLIK",12425,"8880.00"
"PENTI 40 DEN MUS & OPAK 57",26603,"8664.00"
"COLGATE D.MAC.125 ML MAX FR.YES.*48*",14852,"8028.00"
"BERRAK 2011 BAYAN ATLET M",24680,"7872.00"
"NERGIS PET COREK OTU 140 GR.*20*",11446,"7860.00"
"CARETTA CKY-041-48 K.K.TR.",20538,"7776.00"
"DURU S.SABUN 750 ML.G. MANGO *9*",20256,"7632.00"
"BIZIM M.MAYONEZ 250 GR *12*",21096,"7596.00"
"ALGIDA C.DOR 1 LT.PARC.KAY.VIS.BIT.",3561,"7452.00"
"PENTI 15 DEN DIZALTI 57 TEN",9472,"7344.00"
"ULKER 802-7 DANKEK MAG.CIK.100 GR*12*",19079,"7104.00"
"ULKER ICIM SUT 200 ML COCO POPS*27*",19299,"6972.00"
"ULKER KREMINI 1781-01 65 GR JELLY TUR.*24*",18029,"6972.00"
"ALGIDA MAX CILEKLI 70 ML *30*",5592,"6960.00"
"BORA 0248 SINEKLIK",21989,"6864.00"
"ALPELLA 1580-7 BATON ANT.FIST.35 GR*72*",3125,"6624.00"
"ULKER 064 COK.KASE 500 GR *6*",18152,"6576.00"
"BILLUR IYOTLU 500 GR PLASTIK *20*",25696,"6156.00"
"BINGO BANYO+MUTFAK 750 ML *12*",14957,"5628.00"
"BIFA 4010 TATKEK MEY.BATON 150 GR*12*",15910,"4932.00"
"TUTKU BAYAN KILOT BEYAZ NAK.XXL",14113,"4896.00"
"MILAN 6020 SILGI",15288,"4860.00"
"COLGATE D.FIR.PREMIER *12*",9519,"4560.00"
"KENT OLIPS XS17 GR MENTHOL-NANE *16*",16981,"4512.00"
"MICRO MARKER KALEM 7MM",27708,"4404.00"
"PENTI 20 DEN DIZALTI 44 KES.KALP",24552,"4338.00"
"ETI CINKEK 3 LU 120 GR *20*",4002,"4272.00"
"GLASSCO 14350 HILAL SUTLAC KASE",5866,"4032.00"
"KIRTA.100/0 A-5 LISE DEFTERI",27139,"4032.00"
"ODESAN 240 YP 5+2 SPR DEFTER",14045,"3672.00"
"TARIS SIRKE 500 ML ELMA CAM SISE *16*",18215,"3456.00"
"MILUPA 200 GR MEYV.KOKTYL. *6*",9353,"3396.00"
"YALANLAR REHBERI",8946,"3336.00"
"JIBER COCUK PENYE BOXER 752",2731,"3264.00"
"PENTI FIT LIKRA KILOTLU 57/2",26671,"3204.00"
"MOPAK A4 100 YAPRAK KARELI DEFTER",17955,"3024.00"
"ETI NEGRO 40 MINI *16*",20063,"2664.00"
"GUMUS BAY-BAYAN PACALI DON",15761,"2628.00"
"KOZA BAYAN TANGA 44626",2011,"2604.00"
"ODESAN 200 YP 5+2 SPR DEFTER",14559,"2448.00"
"BEBELAC 4 500 GR SIVI *24*",25215,"2316.00"
"PINAR AYRAN 200 ML PLS.*20*",19818,"2208.00"
"BIFA 850 NEGRILLO MOZ BIS.175 GR*12*",3707,"2112.00"
"NILDEN YUMURTA 15'LI SARI (M)",15480,"1998.00"
"HALK BIS.KREMALI 72 GR VANL.*30*",24022,"1920.00"
"TICON 100YP KARELI",8417,"1872.00"
"MONOPOL MISHAP",24324,"1872.00"
"GOLF MATRAX MEYV.BUZ AN-CI-LIM*24*",11601,"1824.00"
"ETI D.PAYKEK MOZ.30 GR*36*",4458,"1596.00"
"SC.BRITE YESIL KLAS.TIR.KORU.*24*",6085,"1512.00"
"UZAY MINI CHEETOS SHOTS KETCAP 17 GR *105*",25504,"1368.00"
"MUZIK KALPLI PELUS AYICIK 58 CM",11416,"1188.00"
"DAREN MEY.SODA ELMA 200 ML *24*",26365,"1152.00"
"TEKFEN SOFTLITE 60 WATT *100*",5283,"1008.00"
"GOLF MATRAX MEYV.BUZ KAV-PORT-CIL*24*",10059,"912.00"
"OYUNCAK MUTFAK SETI 2'LI",14104,"850.50"
"FAIRY SARI BUL.MAK.KAPSUL 100 LU *2*",10938,"782.10"
"ETI WANTED SEFTALI 32 GR *20*",3682,"672.00"
"OYUNCAK KUTUDA SARZLI 3 ASST.SPOR ARABA",25227,"661.05"
"OYUNCAK KT. PILLI TREN 19 PRC",15923,"656.55"
"NEF.31.KAJU FISTIGI 1 KG",498,"609.12"
"OYUNCAK ASETAT KUT.KAHRAMAN BEBEK",11632,"607.50"
"PREMIER 6320 TOST MAKINASI",6436,"598.50"
"OB.D.FIR.PILLI EXPERT DB04 *12*",2351,"575.40"
"OYUNCAK BARBIE SEF MUTFAK SET",6813,"566.65"
"EMOTION EDT+DEO KOFRE AQUA KISS*6*",2763,"549.90"
"TARIS EGE SIZMA Z.YAGI 3 LT *6*",10628,"533.13"
"WINX OKUL CANTASI 63333",4585,"525.00"
"MUZIKLI KALPLI ATKILI AYI 45 CM",4053,"518.70"
"OYUNCAK KT. PILLI DINAZOR",12483,"510.65"
"MUZIKLI KALPLI PELUS AYI 37 CM",13414,"494.55"
"BAY.SEK.ELIT FIGARO KG",11739,"491.40"
"AYTAC CERKEZ DANA SUCUK ACILI ACIK",1496,"486.00"
"KUT.RENKLI ISIKLI MIKRAFON ( BB-HW)",24210,"485.00"
"OYUNCAK KT.PULLI YAZAR KASA",22659,"457.25"
"BAY.SEK.ULKER CIKOLATIN 1KG *1*",11892,"445.50"
"POS.HAYVAN SETI 6 PRC CIFTLIK VAHSI",24212,"431.50"
"SIRMA TUZLU TEREYAGI KG",1722,"429.50"
"CEM 24 NO YUMURTA TAVA",27082,"419.00"
"PRIMA IKIZ PR.CARE MAXI 32'LI *3*",2536,"399.20"
"BIG BABOL STICK TUTTI FRU.*20*",14193,"396.00"
"OYUNCAK KT. PILLI MUTFAK SETI",16201,"384.65"
"MILUPA APTAMIL 900 GR 2",14756,"377.85"
"KUT.YILDIZ KANATLARI ISIKLI BEBEK",25013,"374.00"
"NEF.23.FINDIK ICI CIG 1 KG",21641,"356.40"
"P.BA.CELIK 10 LT DUDUKLU TENCERE",5336,"345.06"
"KOMILI YUVAM T.K.32 LI *3*",24107,"339.00"
"BAY.SEK.SOLEN MAX BAR KG",623,"339.00"
"OYUNCAK KUMANDALI CILGIN ARABA",17555,"338.00"
"OYUNCAK KUTULU KUVETLI ET BEBEK",9960,"334.35"
"KUTULU EDANUR PUSETLI BEBEK",7031,"323.40"
"LION ILK ARABAM",23739,"319.96"
"PRT.Everest SGM-X7 Usb Siyah Gaming Mouse Pad ve Oyuncu Mouse",13364,"319.20"
"SIRMA TEREYAGI 850 GR TUZLU",21377,"313.25"
"MEYVE SEBZE SETI KESILEN",20104,"312.50"
"SAHIN EMAYE CAYDANLIK",15557,"307.80"
"MUZIKLI PELUS PANDA 37 CM",22243,"302.25"
"PRIMA A.BABY IKIZ PLUS JUNIOR 26'LI *3*",11155,"300.30"
"24 CANT UMIT BISIKLET",26504,"299.00"
"OYUNCAK PILLI ARABA",14893,"295.20"
"OYUNCAK KRT. MANKEN GUZELLIK SETI",14882,"290.15"
"CELEBI TRAKYA BALDO PRINC 2,5 KG *6*",6414,"287.10"
"OYUNCAK KUTULU MUZIKLI SALLABAS",9084,"284.80"
"NG.VC SIYAH NOKTA TEM.TONIK 200 ML",2123,"279.20"
"CEM PROMO 24 CM SERAMIK K.YARIK TAVA",27283,"275.52"
"NATURAL BASIK TENCERE 24 CM",23078,"275.40"
"HAYAL BEBEK TURKCE KONUSAN",21002,"272.03"
"MAR.BIRLIK Z.YAGI RIVIERA 1 LT.PET*12*",20662,"264.50"
"OYUNCAK BASKETBOL TOPU NO 5 SUPER GRIP",6958,"261.80"
"OYUNCAK KART.WALKIE TOLKIE 2 LI TELSIZ",15411,"251.40"
"DALIN Y.DOGAN I.HAVLU 40'LI 3'LU PKT.*8*",19553,"251.10"
"PRF.CALDION BAYAN SET",3175,"250.00"
"KOLES.SET BOYA 4/77 KADIFE KAHVE",14006,"249.00"
"ELIT SEK.GOZDEM STAR KREM KUTU 246 GR",8361,"248.40"
"MESTON TAC MAHAL PIKNIK MASASI",8980,"245.00"
"DOGUS FILIZ 1 KG+300 GR SEKER HED.*10*",4382,"239.04"
"OYUNCAK MELISSA BEBEK",14048,"236.00"
"PEL.28 CM GERCEK YUZLU ARI SARKILI",23496,"235.75"
"TORUNOGLU TULUM 500 GR BEZ *24*",22509,"235.00"
"HATAY LAVAS PEYNIRI KG",12792,"231.25"
"OYUNCAK KT.FONK. AKS. DEFNE BEBEK",4255,"229.05"
"SELPAK T.K.24 LU *3*",21031,"228.96"
"MUZIKLI KALPLI PELUS AYI 37 CM",12182,"218.25"
"OYUNCAK KULAHLI DANCE & PARTY BEBEKLER",12330,"217.35"
"KENT MADLEN KARISIK 504 GR *6*",21165,"216.00"
"YUMOS 3 LT BAHAR TAZELIGI *6*",16859,"213.75"
"OYUNCAK MELISSA VE PUPPY BEBEK",3761,"208.50"
"GEZER 7528 LORIS TERLIK MERDANE *6*",27731,"206.10"
"PRIMA IKIZ ACTIVE MAXI PLUS 34 LU*3*",13698,"201.96"
"OYUNCAK JALE BEBEK",15332,"201.25"
"GEZER 7999.01 EVA PVC BEBE *16*",6253,"199.90"
"TADIM BADEM ICI KAV.180 GR",26741,"199.60"
"BAY.SEK.KENT LIMONATAT KG",671,"199.50"
"BAY.SEK.KENT TOFF LIMON KG.",508,"199.50"
"BIZIM MISIROZU 5 LT.PET *4*",25714,"198.75"
"TUTKU BAYAN THERMAL ALT XL SIYAH",20571,"197.55"
"BENTO ERKEK TERLIK",14651,"197.50"
"COLGATE D.MAC. 75 ML PRO-RE.BYZ.*12*",27703,"197.40"
"DALIN KONST. YUMS.1.200 ML BAH.NINNISI*9*",4626,"197.10"
"MESTON CIM USTU CICEKLIK",8619,"192.50"
"MESTON IKI KULELI AHSAP OYUN GRUBU",24073,"192.50"
"BEYPILIC SOKLU TABAKLI BUT PIRZOLA",15626,"191.30"
"WINX OKUL CANTASI 63265",5208,"190.00"
"TEKMELIK CIFT CIRTLI S-M-L",12357,"188.80"
"OYUNCAK BATMAN VE SUPERMEN 200 PRC.PUZZLE",8397,"187.25"
"REXONA WM STICK COTTON 50 ML",4774,"183.20"
"BANVIT TABAKLI IZGARA TAVA KG.",2180,"181.65"
"PRT.TAFT SAC SPREYI 150 ML KOPUK 2'LI VOLUME",20866,"181.30"
"GEZER KETTEN KIZ PATİK GA2YPM.01848.00",8480,"179.92"
"EXCELLENCE KREM SAC BOYASI 5/60",2504,"179.40"
"SEVIMLI SESLI MINI YASTIK PEL. 34 CM",22641,"179.00"
"OYUNCAK ORTA POLIS SETI",7278,"176.70"
"ICIM TEREYAGI 250 GR *16*",24051,"176.00"
"PILLI TREN",9028,"175.20"
"MESTON NERGIS BANK",24530,"175.00"
"OYUNCAK BY.KART.TUFEK SETI",16399,"174.75"
"HUGGIES MIDI ERKEK 50'LI *2*",6119,"174.60"
"OYUNCAK 3 IN 1 SILINDIR KULE",23642,"173.63"
"CANTALI GUZELLIK SETI",9947,"168.60"
"KUTAHYA YALDIZLI CAY TAKIMI",12204,"165.60"
"PRIMA A.BABY DEV JUNIOR PLUS 48 LI *2*",11761,"165.36"
"OYUNCAK ISIK.METAL CEK POLIS EKIPOTOSU",26166,"165.00"
"SOLEN MILAN.HED.CIK 420 GR MADLEN",23767,"162.00"
"GEZER 9654 MERDANE *12*",23015,"159.50"
"KOSKA RECEL 1700 GR BOGURTLEN *4*",20136,"159.25"
"OYUNCAK 9 PRC KESME MEYVE SETI",2947,"159.25"
"ORUCOGLU ANTIKYA Z.YAGI RIV.5 LT TNK *4*",20157,"156.00"
"OYUNCAK YUVARLAK MASA",27588,"154.90"
"HES MATIK 2.5 KG KAR BEYAZ",15204,"151.20"
"NERGIS MAK.FIYONK 5 KG.",25025,"150.15"
"GILLETTE VENUS BREZE MAKINA 2 UP*10*",11652,"149.70"
"SEBAMED SAMPUAN KEPEK ONLEYICI 400 ml",12081,"146.70"
"MOLFIX FIRSAT MAXI 60 LI*3*",18901,"146.70"
"OYUNCAK ESRA BEBEK",19991,"146.30"
"DOVE SAMP. 600 ML UZUN SACLAR *16*",26202,"143.20"
"ELS.SAC KR.360 ML KOMP.ONARICI*6*",10669,"141.55"
"PALETTE DELUXE 10-5 DORE SARI",11565,"139.60"
"ORAL B D.FIR.COMPLETE 5 WAY CLEAN *12*",12881,"139.00"
"OYUNCAK FUTBOL TOPU",21600,"139.00"
"SIGARA KENT WHITE",7509,"135.00"
"ALGIDA C.DOR DON.PAS.1.LT CIK.FIST.",5597,"134.91"
"GEZER FİLET ERKEK PARMAKARASI GT6YFM.08854.00",27742,"134.55"
"EXCELLENCE KREM SAC BOYASI 6/32",1793,"134.55"
"OYUNCAK 200 PARCA PUZZLE KIM ANDERSON",21853,"133.75"
"GEZER ZENNE FLİP FLOP GT5YZE.08403.00",26468,"133.60"
"CARS BASKET KCK SET",25080,"131.96"
"AIR WICK FM KIT+YEDEK BAHAR CIC.BE",2610,"131.70"
"TAMEK RECEL 800 GR CILEK *6*",16099,"130.05"
"TOMBUL DOZER",23334,"130.00"
"GEZER 7978.01 EVA FILET ERKEK *12*",22802,"129.90"
"PRT.SPIDERMAN PUZZLE",13904,"129.90"
"M.ORIGINAL DSN-807 CANTALI KULAKLIK",17696,"129.50"
"NEF.17.LEBLEBI SARI DUBLE 1 KG",1116,"128.10"
"GEMLIK SELE ZEYTIN XL (201-230) KG.*10*",637,"127.80"
"ELIDOR 650 ML GUCLU&PARLAK 2/1 *16*",3872,"127.60"
"SENSODYNE D.MAC. 75 ML+50 TAM KORUMA BYZ.*12*",19145,"127.60"
"FAIRY YESIL BUL.MAK.KAPSUL 28 LI*6*",11672,"126.42"
"DALAN SAMP.400 ML ONARICI BAKIM *12*",13171,"123.75"
"KARLIDAG PEYNIR SURULEBILIR 700 GR",5908,"122.15"
"ALGIDA MARAS SADE CIK.SE PROMO 500 ML*6*",24848,"121.50"
"GUNAYDIN SIZIM",25853,"120.00"
"COLGATE D.MAC. 75 ML PRO.REL.MIN.ONAR.*12*",9591,"120.00"
"REXONA MN ROLL-ON SHOWER FR.50 ML",7678,"119.70"
"YUMOS 1440 ML EXT.SENS.LILY.LOTUS.CIC*9*",25568,"119.40"
"KOLES.KOPUK 55/46 KIZIL BUYU",13750,"119.20"
"NIVEA LIP HYDRO CARE",11688,"119.00"
"PRT.RENKLI FOTOKOPI KAGIDI 100LÜ",22787,"118.00"
"KITAP METAFIZIK ISTIHBARAT",27976,"116.10"
"BLENDAX 600 ML SAC KREMI KEPEK *12*",16932,"116.10"
"HERO BABY 5991-04 200 GR *12*",19853,"114.50"
"KOSKA RECEL 1700 GR VISNE *4*",6622,"113.75"
"TUTKU BAYAN GENİŞ ASKILI ÇITÇITLI BODY 4-XL BEYAZ",18279,"112.41"
"GEZER 1960.00 PANDUF BEBE ERKEK",26462,"111.92"
"PRF.REBUL COLORS 100 ML WHI.HED.",5193,"111.60"
"NERGIS KAH.TOPAK TEREYAGI 500 GR",15053,"110.88"
"SIRMA DOGAL YOGURT 2000 GR",17676,"110.00"
"PENTI COTTON KLT. 66-3",23815,"108.15"
"ELS S KREMI RENK KORUYUCU 360/",13263,"108.00"
"OYUNCAK VAK.4 ARAC TASIYAN TIR.",9966,"105.80"
"PALETTE DELUXE 6-4",11161,"104.70"
"OYUNCAK DIKISLI 6001 VOLEYBOL TOPU",2496,"104.50"
"KITAP INFAZCI",27388,"103.20"
"SIGARA VICEROY SWITCH",25092,"101.50"
"NERGIS KAVURMA (BATON) KG.",2181,"100.00"
"KOLES.SET BOYA 8/0 ACIK KUMRAL",15384,"99.60"
"BAGDAT HINDISTAN CEVIZI EKO.160 GR",20603,"99.20"
"HAPPY RABBIT 150 PRC",19547,"98.10"
"GEZER NEOKLASIK BAYAN ZENNE 2 GT1YZM.08850.00",23797,"97.30"
"BUYUK 155 POLIS MCQUEEN ARABA",8227,"96.25"
"PENTI STELLA TAYT 49",20475,"96.00"
"WEE 111 AKIDE SIL.DAM.EMZIK NO 1 KART.",6547,"96.00"
"NERGIS TEREYAGI TUZSUZ RULO 1 KG",14696,"95.90"
"NESCAFE GOLD 100 GR *12*",25384,"95.85"
"KITAP SEYH BEDREDDIN",25338,"95.20"
"DURU MERCIMEK 1 KG KIRMIZI FUTBOL *12*",23413,"94.00"
"NFC PURE&EFFECT ALL IN ONE 150 ML",2432,"92.70"
"GEZER TEK CIRTLI MERD.6761.00",21657,"91.25"
"ALGIDA CLASIC TRIO 1000 ML",24840,"89.76"
"BIOBLAS SAMP. 360 ML KEPEKLI SACLAR *6*",16303,"89.50"
"BIOBLAS SAMP. 360 ML ONARICI BAKIM*6*",5685,"89.50"
"BIOBLAS.SAC DOK KAR.KREMI 200 ML*6*",11516,"88.80"
"H&SHOUL.450 ML MENTOL FER.+FIRCA *6*",4468,"88.50"
"NEF.14.MISIR SOSLU SUPER 1 KG",10773,"88.20"
"AYTAC SUCUK 220 GR KANGAL ACILI *8*",21155,"87.75"
"PERSIL MAT.1,5 KG BAHAR FERAHLIGI *9*",9641,"87.15"
"FABER FOSFORLU 4 LU OYUN HAMURU",25969,"87.00"
"IGLO PILIC KOFTE 300GR *10*",19591,"86.94"
"EVEREST SC-401 USB MIKROFONLU PC KAMERA",25746,"86.40"
"OYUNCAK HZR POWERFUL CAR",16662,"85.50"
"KARLIDAG KURU COKELEK KG",915,"84.25"
"EVEREST KM-6600 SIYAH 2.4 Ghz 1000/1200 KABLOSUZ MAUSE",25461,"84.00"
"BANVIT POSETLI TAZE PILIC KG.",805,"83.65"
"REBUL DARK SPICE KOLONYA 270 ML",3446,"83.60"
"TAT KETCAP+MAYONEZ 2X400 CC *6*",21084,"83.40"
"GEZER MERDANE FLİP FLOP GT5YMF.07271.00",5728,"83.40"
"OB D.FIR.ULTRATHIN COMPACT BUNDLE *24*",12933,"83.00"
"P.BA.KESME 679 VAZO B.",13166,"82.80"
"OYUNCAK KRT. SAHALI 2-LI BEYBILET",13132,"82.50"
"VAK.SURTMELI JEEP",16669,"82.50"
"NAMALDI RIB.ERK.V.YAKA KOLLU 3L 131",10541,"80.40"
"FURKAN PILLI AMBULANS",27374,"80.00"
"ALGIDA SO GOOD CIKO. 275 ML *6*",9552,"79.92"
"BAY.SEK.KENT TOFF BOGURTLEN KG.",10239,"79.80"
"BAY.SEK.ULKER BONBON SUTLU KG.",735,"79.60"
"ORUCOGLU A.YAGI 4,5 LT PET *4*",18306,"79.50"
"HALK BIS.CAI.KAKAO KAPL.MARSH 11 GR*6*",7432,"79.20"
"NERGIS BULGUR PILAVLIK 2 KG *7*",9195,"79.20"
"COLGATE D.FIR.ZIGZAG *12*",4439,"79.20"
"OYUNCAK USTEN BASMALI HAYVANLAR",17785,"78.75"
"PINAR KASAR DILIMLI TOST 350 GR",16446,"78.12"
"PRENSES LU PUZZLE",3956,"78.00"
"GEZER 8038.00 EVA MERDANE TERLIK*12*",8338,"77.94"
"FA DEO FIJI DREAM 150 ML",15126,"77.94"
"FA ROLL-ON 50 ML FRESH PULSE (MEN)",15668,"77.40"
"DALIN KIDS SAMP.CILEK 300 ML*24*",2982,"77.40"
"ALGIDA DOVME BUYUK 1400 ML *6*",9551,"77.00"
"ERPILIC TABAKLI BUT KG.",10242,"76.45"
"KOLES.TUP BOYA 7/1 KULLU KUMRAL",16522,"76.30"
"PRT.BAYAN YAZLIK TERLIK",11484,"76.05"
"PEYMAN FINDIK ICI 200 GR *12*",26128,"75.80"
"ARIEL FEBR.ETK.1,2 KG PARL.RENKL.*12*",11503,"75.60"
"PENTI BAYAN THERMAL TAYT 500-4",15424,"75.00"
"AVEC AV216 BLGSYR HOPARLOR",7018,"74.88"
"PRF.REBUL 100 ML 3 LU KOFRE PRSTIGE",25624,"74.70"
"CANBEBE ISLAK HAVLU TEM.BAK.3X56'LI *8*",26000,"74.50"
"PANTENE 470 ML 2&3/1 NEML.BAKIM *6*",16514,"74.50"
"WEE 901 EMZIK ASKISI",21314,"74.25"
"PRF.EMOTION SET SUNKISSES",4317,"73.90"
"F 021 FLORA SAMPIYON OTO FIRCASI",8408,"73.50"
"KARLIDAG YOGURT 450 GR SUZME",23057,"72.90"
"SOSERO DOMATES KURUSU 300 GR*12*",14561,"72.36"
"CIFT GOZLU KALEMLIK",15034,"71.91"
"GARNIER 3 ETK.MUK.MAK.TEM.LOS..K-HAS.CLT.",10800,"71.60"
"PINAR SUT 6 LI KIDO KAKAOLU",20819,"71.55"
"CALCENE PELIN YAZ OYUNLARI",8934,"71.20"
"KITAP EPSILON ROMAN",24925,"71.10"
"P.BA.SOLINGEN 26/16 TENCERE",14298,"70.20"
"KENT DELUX SUTLU 146 GR *6*",14333,"70.20"
"DEO JAGLER ROLL-ON STROM 50 ML",17479,"70.00"
"PALETTE DELUXE 8-01",14457,"69.80"
"OYUNCAK KT. PILLI DINAZOR",16834,"69.49"
"NEF.05.YER FISTIGI CIPS 1 KG",1138,"69.30"
"LIPTON-FORM PLUS KIRAZ SAPLI 40 GR*12*",17009,"69.00"
"GARNIER SAF&TEMIZ 3 IN 1",13791,"68.97"
"PINAR DONUK MANTI 400 GR KAYSERI",20400,"68.85"
"TAK-CIKAR PUZZLE IS MAKINALARI 9",6808,"68.70"
"PIKNIK 1529 BUZDOLABI POS.ORT. 3+1 *24*",22399,"68.50"
"SUPER F.PIZZA SIP SAK MINI 360 GR *12*",25270,"68.00"
"BANVIT TABAKLI PIRZOLA SOSLU",1057,"68.00"
"NM KREM 75 ML",2515,"67.80"
"TITIZ TP-858 DOMY PELUSLU MOP",9678,"67.60"
"MARMARABIRLIK SEP. SERISI 400 GR M 261-290 *12*",16069,"67.50"
"PINAR KETCAP 600 GR KATKISIZ TATLI *6*",3608,"67.05"
"DOKME KOFTE BAHARI 10 KG.",592,"65.70"
"KURMALI ORDEK",14095,"65.25"
"SEBAMED CLEAR FACE TEMIZLEME KÖPÜGÜ",10945,"64.92"
"TUTKU KIZ GENIS ASKILI GÖKKUSAGI ATLET 6-XXXL BEYAZ",4118,"64.80"
"DEO SHE 150 ML ANGEL",7328,"64.75"
"MODERN CITY",22796,"64.00"
"POINT 11 KONULU 330 YP. AYRACLI DEFTER A4",26136,"63.80"
"DEO 8X4 SPREY FEARLESS 150 ML",11369,"63.20"
"KITAP KOSEM IKTIDAR SERBETI KAN KOKAR",23120,"63.20"
"ARBELLA MAK.400 GR GLU.KALIN KESME *24*",13840,"63.20"
"GEZER ZENNE PARMAKARASI GT5YZE.08667.00",27740,"62.70"
"TAT SALCA 830 GR *24*",3503,"62.65"
"J.B. SAMPUAN BEBEK 200 ML",2062,"62.30"
"FLORMAR PRETTY MASCARA VOLUME",24977,"62.30"
"DEO CALDION STICK BAY 45 GR",26938,"62.10"
"NESTLE CHOKELLA 750 GR KASE *12*",5115,"60.00"
"GEZER 9031 PVC GONDOL ZENNE *12*",26877,"59.95"
"DOGUS FORM NANE LIMON 20'LI 40 GR.*12*",6625,"59.90"
"BEBELAC GOLD 500 GR SUTLU PIRINCLI",27547,"59.85"
"CAYKUR ALTINBAS DEMLIK POSET 200 GR*16*",13257,"59.75"
"KEÇELI KALEM 10LU ÇIFT TARAFLI*12",22091,"59.60"
"DETAN SINEK KIRAN 275 ML*48*",9346,"59.60"
"VIVIDENT CUZDAN FRUIT KARPUZ 26 GR*18*",16010,"59.50"
"KIRTA.BJK 120 YP CİZGİLİ DEF",9227,"59.50"
"KNORR ACISSO 50 ML *24*",6071,"59.50"
"OPP SEKER KRISTAL BEYAZ POSET 5 KG",16801,"59.42"
"KITAP ROBINSON CRUSOE - DIONIS",8815,"59.40"
"CARPEX CIFT KOKULU KLIMA YAZ/ALP ESINTISI",298,"59.15"
"PRT.OYUNCAK PELUS CIVCIV KARMA",402,"59.00"
"ALGIDA MARAS CILEK 6X750 ML",25938,"58.00"
"OYUNCAK FUTBOL TOPU",12409,"57.80"
"BARILLA MAK 500 GR LASAGNE*15*",11449,"57.60"
"FABER VERSATIL POLY MATIC 0.5",13331,"57.50"
"KIRTA.PLASTIK BURO KLASORU GENIS",7070,"57.00"
"PINAR HINDI FILETO 120 GR *16*",21244,"56.70"
"BIOBLAS SAMP. 360 ML ZAYIF SACLAR *24*",5339,"56.70"
"KOL.EYUP S.T.HATIRALAR 400 ML *24*",19206,"56.25"
"PASTEL NUDE OJE 752 (ROSE)",5424,"56.00"
"ALGIDA MARAS SADE FIST.SE.PROMO 500 ML *6*",5776,"56.00"
"PASTEL OJE 04",4808,"56.00"
"ALGIDA MARAS SADE 500 ML *6*",9051,"56.00"
"TURSIL JEL 24 YIKAMA LEYLAK BAHCESI *6*",25248,"55.60"
"DALAN SAMP.400 ML KEPEK KARSITI*12*",19416,"55.00"
"OYUNCAK DELUXE CAY SETI",21741,"55.00"
"GEZER P.ARASI EVA MERDANEGT5YME.07799.00",5835,"54.75"
"DALAN BANYO SAB.900 GR.ANTIK PRINA*12*",21029,"54.60"
"TORKU SEKER BEYAZ STICK 4 GR*175*",13156,"54.60"
"SARF METALIZE HED.PAK.POSETI 40*60",15765,"54.40"
"TEMAT KUP BLOK",8414,"54.00"
"SUTAS KASAR 200 GR PIKNIK *48*",4721,"53.70"
"GT5YME.11600.00",23024,"53.25"
"KEPCELI TRAKTOR",10590,"53.20"
"YUMURCAK MAX ARABA",9308,"53.10"
"POSETTE HAYVAN SET",11618,"52.60"
"PALETTE DELUXE 4-68 KOYU KESTANE",11949,"52.35"
"KABLOLU IS MAKINALARI",26524,"52.00"
"PINAR YOGURT 600 GR LIGHT",22295,"52.00"
"SOLAN HAYELLER",22678,"51.84"
"PINAR SUCUK 180 SOLEN EKO PK*10*",20646,"51.40"
"PUZZLE 100 PRC.CARS 2",10995,"50.50"
"PASTEL OJE 120",25949,"50.40"
"NFC YUZ TEMIZLEME KOPUGU K/H 150ML",11937,"49.80"
"PENTI FIT 15 KLT. 500-3",27364,"49.75"
"BINGO SIVI DET. 2 LT ERGUVAN ES.*6*",19925,"49.56"
"FABER KURSUN KALEM 4LU*18",2869,"49.50"
"PRT.KUMANDALI ARABA",12828,"49.50"
"OB.D.FIR.STAGES COCUK 5-7 *96*",12302,"49.35"
"TITIZ TP-852 ISPANYOLA MOP",25738,"49.20"
"DOGADAN FORM KARISIK 40 GR *12*",9350,"49.14"
"OYUNCAK SURTMELI JIP",23525,"49.00"
"CALVE KETCAP ACILI 750 GR *8*",18758,"48.96"
"OPP NOHUT KOCBASI (IRI) POSET 2 KG",16257,"48.93"
"AYTAC SALAM 180 GR SIPSAK MAC.HIND.*6*",4068,"48.75"
"KITAP SUC VE CEZA /PANAMA",8019,"48.30"
"PENTI MORENA TAYT 84",4230,"48.00"
"ALGIDA FESTIVAL KARADUT-VAN 750 ML",6063,"48.00"
"VOILA NANO SAC BOYASI 3/65",18868,"47.40"
"MUDURNU SOKLU TAB. BUT",514,"47.16"
"TITIZ TP-180 FIRCALI CAMSIL",8040,"46.80"
"CHE GUEVERA / PANAMA",22668,"46.20"
"PRT.KENT MISIR UNU 400 GR",25728,"46.00"
"DOGANAY LIMON SUYU 1 LT NARE *12*",5876,"45.60"
"NESTLE 65 GR DAMAK INCI*6*",7164,"45.15"
"SIGARA CAMEL EST.1913 BLACK*10*",6393,"45.00"
"BARBIE SERVIS ARABASI",7553,"45.00"
"NESTLE CORN FLAKES 225 GR *18*",17799,"44.91"
"H&SHOUL.275 ML 1/1 S.KREMI BESLEYICI *6*",11440,"44.25"
"FRESH'N SOFT MENDIX HAVLU 90 'LI PRT*24*",6278,"44.10"
"HB.LF 031176 3 NO SEF.YUV. BAD.",7699,"44.00"
"OYUNCAK KT.FONK. AKS. IDIL BEBEK",16027,"43.90"
"DEO SHE ROLL-ON CLBBER 40 ML",26942,"43.75"
"DEO CALDION 150 ML BAYAN JEANS",26729,"43.45"
"COLGATE D.MAC.100 ML 1+1 TOTAL PROJEL*24*",10193,"43.20"
"MARET PRATIK HINDI FUME 60 GR *12*",23162,"42.30"
"PRT.PAREX EKO.BUZG.VANIL.KOK. COP TOR.KUC.",15250,"42.12"
"SESU SIR A. KAVANOZ 200 ML NORMAL TUY 2D",4958,"42.00"
"OPP BULGUR IRMIK POSET 1 KG",21524,"41.94"
"TORKU PEYNIR KREMPARE 200 GR *32*",14922,"41.93"
"BULUT LOKUM CIFTE KAVRUL.FISTIKLI KG",10241,"41.90"
"EKICI KASAR PEY.400 GR*12*",9249,"41.80"
"P.BA.FALCON PASTA TABAK TAKIM",15579,"41.76"
"KENT F.GRANUL ICECEK 300 GR PORT.*12*",19349,"41.70"
"DEO NIVEA 150 ML.MEN INVISIBLE B&W",2322,"41.70"
"OYUNCAK PJMASKS ORTA KOVA SET",18752,"41.50"
"KITAP AVCI SALDIRISI GIZLI DINAZOR",23116,"41.40"
"COCUK KALBI / SIS",26109,"41.30"
"CANTAMDA DIYET",8184,"41.30"
"ADDISON 300696 96 LIK CD CANTASI",9145,"40.95"
"INOX KORUKLU DOSYA 13 GOZLU",20376,"40.80"
"VTK VERSATIL KALEM 0.7",3047,"40.50"
"PAMELA BAYAN LUX TERMAL CORAP",15500,"40.50"
"MAGNUM M600 ROLLER KALEM MAVI",9448,"40.00"
"KOLES.BOYA COLOR CONCEALER KESTANE 200 ML*6*",27805,"39.96"
"COCA COLA 1 LT LIME *12*",9333,"39.90"
"KARLIDAG SUT 1000 ML YARIM YAGLI *12*",20967,"39.90"
"NERGIS COK AMACLI UN 5 KG *4*",26839,"39.80"
"ELSEVE SAMP. 360 ML CICEK OZU *6*",12770,"39.75"
"PENTI FABIAN KULOTLU COCUK CORAP 2-3",27769,"39.50"
"PAREX BUZDOLABI POS.ORTA 4 AL 3 ODE*12*",17707,"39.30"
"ALCAN YASSI KADAYIF 1 KG",1380,"39.00"
"SARF SERA 30*300M.",11885,"39.00"
"GEZER 7265.00 ZENNE TEK TOKALI BOYALI *24*",19794,"38.97"
"M.ORIGINAL MOODS-3 KULAKLIK 3 FILELI",21395,"38.85"
"ICIM KAYMAK 180 GR *9*",21221,"38.70"
"WEE 828 SILIKON UC.GEN.BIB.EMZ.NO1",26747,"38.40"
"ALGIDA KEYIF VANILYA 750 ML",5447,"38.40"
"KIRTA.LINEPLUS FOSFORLU KLM.YSL.",9518,"38.25"
"DURU PRATIK HASLAN.K FASULYE 400 GR *8*",3756,"37.80"
"IPEK SAC KREMI BOYALI SACLAR 750 ML",25605,"37.80"
"YAYLA MERCIMEK 1 KG KIRMIZI YAPRAK *16*",22363,"37.80"
"ROYAL OCT-041 CAM SEKERLIK",14382,"37.80"
"BLENDAX 400 ML 2/1 BALOZLU *6*",10009,"37.80"
"PENTI BAYAN THERMAL TAYT 500-2",17330,"37.50"
"PRATIK INGILIZCE KONUSMA KLAVUZU / GKUSU",22969,"37.20"
"IMPARATORLAR ADASI",22967,"36.72"
"MARLA 50-92 NOT DEFTERI",10206,"36.00"
"NEFIS.KAJU FISTIK 250 GR PAK*20*",27996,"36.00"
"MOLPED.SOFT CARE GECE SUP.EKO 20 LI*16*",4464,"35.96"
"DEO ADIDAS ROLL-ON BAYAN FRESH 50ML",15559,"35.91"
"KNORR YORESEL VALIDE SULTAN COR 85 GR*48*",9035,"35.70"
"F.S.MEHMED HAN VE LIDERLIK SIRLARI",22898,"35.60"
"DIRILIS / KAMER",8198,"35.60"
"PERFECT VERSATIL KALEM BL221",2571,"35.55"
"MOLFIX ISLAK HAV.IZOTONIK HAS.CILTLER *12*",21268,"35.40"
"CALCENE PELIN SERISI",27216,"35.40"
"PALMIYE AVAKADO YAGI",6948,"35.40"
"GARNIER S.NAT BB EYE ROLL ON T7ML TR MEDIU",2236,"35.04"
"A4-80YAPRAK CIZGISIZ",3630,"35.00"
"OHTO PRİVE KALEM",12706,"35.00"
"TAMBURLANMIS PODUMA TASI",24066,"35.00"
"PATOS SUPER BOY MEKS.ATSI 100 GR*21*",4063,"35.00"
"NERGIS YUFKA 500 GR.",27530,"35.00"
"PALETTE DELUXE 7-887",15824,"34.90"
"FABER VERSATIL POLY MATIC 0.5",10463,"34.50"
"MUHTESEM SULEYMAN / CEP",23398,"34.44"
"OYUNCAK BCR JEEP",21738,"34.30"
"GEZER 7654.02 GONDOL MERDANE",23783,"34.08"
"NFC MICELLEAIR MAK.TEM.KOPUGU 150 ML",11558,"33.90"
"GEZER AYAKKABI PATIK PANDOF 1332",6037,"33.84"
"DALIN T.MEND.REFIL 56 X 3 LU *8*",2923,"33.80"
"MARET 5Lİ YORE PILIC 240 GR *12*",4095,"33.60"
"TITIZ TP-165 AHSAP ELBISE FIRCASI",23086,"32.80"
"ALCAN YUFKA KG",19682,"32.40"
"SOSERO KAHV.ACUKA 200 GR*12*",17327,"32.34"
"DEO JAGLER BAYAN 150 ML.",26940,"32.25"
"DD ESSENTIALS MAKYAJ TEMIZLEME SUYU",23204,"31.90"
"GOLF SIZIN ICIN VISNE LIMON 750 ML *6*",7462,"31.80"
"DOVE BODY SILK 300 ML F.TOUCH",15153,"31.60"
"ASK VE GURUR",8283,"31.60"
"GEZER 7655.07 GONDOL ZENNE",22632,"30.96"
"GEZER KIZ BABET FILET 7665.00",23786,"30.90"
"ALGIDA CLASSICS COOKIE CUP 105ML *18*",4200,"30.00"
"SIGARA KENT DRANGE GREY LONG",21696,"30.00"
"OYUNCAK MINI 4'LU OYUN HAMURU",12249,"30.00"
"FRITOLOY DORITOS NAC.SUPER 107 GR.*23*",25373,"30.00"
"UGUR BOCEGI BARBIE BEBEK",17622,"29.98"
"PENG.RECEL 800 GR AHUDUDU *12*",21101,"29.80"
"PORCOZ COK AMACLI SPREY 750 ML",17887,"29.70"
"SLEEPY ISLAK HAV. 3X50'LI GUL *12*",15473,"29.70"
"YUMURCAK ANGEL SET",27348,"29.50"
"NAZILLI KURU KIZARTMALIK BIBER",21523,"29.40"
"BINGO LEKE SOKUCU NORMAL 1 KG.*6*",3069,"29.16"
"P.BA.55521 KULPLU BUYUK BARDAK",14843,"28.80"
"SHERLOCK HOLMES KIZIL OLUM",24770,"28.80"
"WEE 109 SILIKON DAM.EMZIK NO3 KARTELA",7210,"28.80"
"HZ.HATICE /BAHAR",23099,"28.56"
"ATASOZLERI DEYIMLER",24905,"28.50"
"P.BA.52752 DORO SU BARDAK",24336,"28.50"
"TROPICANA M.SUYU 330 ML CAN KARISIK *24*",4027,"28.35"
"MILUPA APTAMIL SUTLU BISK. 500 GR",9376,"27.95"
"GEZER FİLET ERKEK FLİP FLOP GT5YFF.06799.00",8326,"27.80"
"PINAR SUT 6 LI KIDO MUZLU",22291,"27.80"
"MARET KOKTEYL SOSIS DANA 250 GR",4136,"27.72"
"ORAL B D.FIR.CLAS.ORTA 3 'LU",11814,"27.72"
"0232 DEV BOY STICKER",27261,"27.65"
"PAREX CAM BEZI 3 AL 2 ODE*24*",9508,"27.60"
"SUDOR YUZ BOYASI 6LI",26920,"27.50"
"PIKNIK SIS KUSBASI-CIGER 6'LI DESTE",11712,"27.45"
"SEK SICAK CIKOLATA 500 GR",23947,"27.30"
"JUDY MOODY UNIVERSITEYE GIDIYOR",1422,"27.30"
"CANEM HAPPY LOVE BEBEK",9887,"27.00"
"ERIK CAN",657,"26.90"
"ABC ULTRA Y. C.SUYU 2 KG BEMBEYAZ *9*",20770,"26.85"
"KNORR 130 GR TAVUK CESNISI*24*",18762,"26.70"
"IKILI KUTULU FROZEN BEBEK",16954,"26.45"
"MIKRO 10 RENK TUKENMEZ KALEM",10264,"26.25"
"ULKER 1587-03 FLIPZ BIT.KRAKER 60 GR *18*",19293,"26.10"
"LİVAN HATIRA DEFTERİ",19964,"26.00"
"SARF KAGIT CANTA KUCUK *140*",14523,"25.84"
"YILDIZ CINCIN",22955,"25.20"
"IPANA D.MAC.100+100 ML K.A.BAK. GUC.FER *12*",2453,"25.20"
"NAMALDI RIB. IP ASKI (SPOR)SIYAH3-L",3010,"25.00"
"TURANC SET",15328,"24.75"
"FATIH 1453 SULTAN MEHMED",27465,"24.48"
"DERBY TIRAS KREMI NORMAL 100 GR",7603,"24.43"
"SARF BASKILI HEDIYELIK KUCUK POSET*4 KG*",12539,"24.32"
"SARF KAGIT CANTA BUYUK *300*",16581,"24.32"
"ICIM KASAR DILIMLI TOS 200 GR *20*",24102,"24.30"
"PENTI 15 DEN FIT I5 BURUNSUZ",3460,"24.00"
"SIGARA TEKEL 2000 KIRMIZI UZUN",5911,"24.00"
"FRITOLOY LAYS BAH.PARTI 150 GR *12*",25500,"24.00"
"DANONE P.DANINO 33X6 GR ORMAN MEYV.",6473,"24.00"
"MILKA 100 GR OREO *22*",3022,"23.85"
"FATIH OYUN HAMURU KÜÇÜK 4RENK",11217,"23.80"
"NIVEA LIP VANILYA",14443,"23.80"
"SINDY RESIM DEFTERI 25X35",4844,"23.75"
"BIBER SIVRI- 2",1965,"23.75"
"PIL VARTA 2003-4 S.LIFE INCE-AAA- 4'LU",2416,"23.60"
"DR.OETKER 10 GR P.SUSU KELEBEK *25*",3238,"23.40"
"CALINMIS HAYAT",27422,"23.04"
"OYUNCAK METAL MODEL CEK BIR.ARABALAR",18464,"22.99"
"TORUNOGLU PEYNIR LUX VAKUMLU KG",846,"22.95"
"OYUNCAK KALP YASTIK NO.4 36 CM",22030,"22.90"
"KOKULU BEBEK",8508,"22.80"
"PROXI YUZEY TEM.1 LT YAB.GULU *12*",27635,"22.75"
"HARIBO 60 GR CHOCS CILEK *12*",22416,"22.75"
"TURP JAPON",47,"22.50"
"KIRTA.TEMAT STICK YAPS.20GR",21705,"22.50"
"KIRTA.YENER KUP BLOK NOT KAGIGI",11190,"22.43"
"WEE 878 PP.GEN.AGIZ.BIB.150 ML",6542,"22.40"
"ABC SIVI KREM 750 ML AMONYAKLI *20*",2823,"22.35"
"DURU SAC KREMI 550 ML TUM SAC.*12*",3145,"22.35"
"FABER STICK YAPISTIRICI 10GR*24",26809,"22.13"
"ALGIDA CORNETTO DISC K.DUT BOG.160 ML",17006,"22.00"
"TUKAS KETCAP 700 GR ACILI *12*",6663,"21.80"
"BANVIT TABAKLI IZGARA DRUMSTICK",612,"21.48"
"GULSOY COCUK EVA",11049,"21.00"
"ULKER 1873-08 ALBENI 5 LI 180 GR *24*",18013,"21.00"
"KRP.COP TORB.ORTA 55X60 *50*",6089,"20.94"
"PRT.BEYKOK KEMALPASA 150 GR*42",19261,"20.93"
"SARF 35*50 LAMINELI KASAP KAG.*30KG*",14806,"20.40"
"HOBBY GLISERINLI EL VE VÜCUT KREMI 20 ML",26933,"20.00"
"YUMOS 1440 ML EXT. AURA *9*",24844,"19.90"
"JACOBS MONARCH GOLD 200GR POS.*6*",5407,"19.86"
"PENTI LYCRA FIT KULOTLU CORAP",14713,"19.80"
"ACTIVEX S.SABUN 300 ML DOGAL *12*",19361,"19.80"
"GULSAN HELVA 200 GR KAKAOLU *24*",17873,"19.75"
"DELTA ZIMBA TELI 24/6",16062,"19.50"
"OYUNCAK SESLI KILIC",9747,"19.20"
"HERO BABY 5982-09 OR.MUZ.ARMUT.YUL.120 GR *6*",26547,"19.00"
"ULKER 1084-06 KRISPI TIRT.PEY.SOGAN 92 GR *14*",18261,"18.55"
"P.BA.TEKLI CIRPICI NO 3",13850,"18.36"
"SARF TATLI KUTUSU 2 KG LIK *200*",15698,"18.24"
"GEZER 9768.00 AIR BLOW ZENNE*12*",8658,"17.99"
"SOLO PECETE MINI 50'LI *36*",3058,"17.91"
"IPEK SAMP.600 ML DOKULME KARSITI *12*",13895,"17.80"
"ROYAL WINDSOR KITCHEN SET JR 044",20388,"17.76"
"41 YASIN BILGISAYAR HATLI TURKCE OKUNUSLU RAHLE BOY",27405,"17.70"
"FUNNY 3D PUZZLE 3BOYUTLU HD YAPBOZ",10397,"17.50"
"10x15 DIKISLI BLOKNOT A6/1",24698,"17.50"
"MUHTESEM RENKLER",8932,"17.28"
"AYTAC SALAM 200 GR KAHVALTI DANA *8*",21113,"17.25"
"ULKER DIDO TRIO BIT.SUTLU 36,5 GR *144*",22601,"17.00"
"NILDEN YUMURTA 30'LU BEYAZ (M)",5475,"16.98"
"DETAN ELEK.CIHAZ+YEDEK *24*",5482,"16.98"
"CARTE D'OR PUD.KAKAO+MUZ 2 Lİ*12*",6066,"16.92"
"PRIL 675 GR POW.LIMON *20*",18151,"16.47"
"EGLENCELI MATEMATIK / ICONININ",27396,"16.32"
"YUM TITRESIMLI EL BOMBALI SET",23476,"16.30"
"KOZA KEKIK *36*",25420,"16.20"
"TURP",56,"16.11"
"PATATES- 2",21640,"16.00"
"MARC DEO 900 GR FLORAL *12*",20853,"15.90"
"KENTON PIR.UNU SADE 500 GR *12*",19934,"15.80"
"ARBELLA MAK.400 GR GLU.LAZANYA *24*",13859,"15.80"
"MUJDE OPAK KULOTLU CORAP 40 DENYE 10",26041,"15.75"
"POSETTE ASKERLER",23297,"15.60"
"NASRETTIN HOCA FIKRALARI / COCUK GEZG.",27453,"15.60"
"YAYLA BULGUR GURME 360 GR KINOALI *8*",24566,"15.60"
"RAMAZAN PAKETI NERGIS MERCIMEK KIRMIZI IC 1 KG",16764,"15.54"
"RAMAZAN PAKETI NERGIS BULGUR PILAVLIK 2 KG",16644,"15.24"
"NAZILLI KURU MUSAKKALIK PATLICAN",15856,"15.20"
"PIL KODAK XTRA HEAVY 9 V",4,"15.12"
"IPEK SIVI SAB.500 ML KARADUT*12*",26665,"15.00"
"TORKU BORDO ACISIZ SALGAM SUYU 330 GR",16491,"15.00"
"CARTE D'OR PUD.CIK.FINDIK 109 GR.*12*",22142,"15.00"
"NASCITA SIDE SAC FIRCASI 18MM 06-K",8387,"15.00"
"NESFIT MEYVELI EKO 450 GR *12*",11143,"15.00"
"TITIZ TP-763 OVMA TELI 2+1",8043,"14.94"
"ELIDOR 350 ML CAN. GOST.HACM. *18*",25561,"14.88"
"DALIN YUZEY TEM NAT. SOFT 2,25 LT*9*",4549,"14.76"
"YUREGIM SANA AIT",27421,"14.76"
"ULKER 1187-7 HANIM.COKODA.246 GR*8*",17364,"14.75"
"MARLA ML-702 SIVI SILICI 20 ML",8099,"14.75"
"DERBY TRAS KOP.200+100 ML LAVANTA",23351,"14.40"
"EN GUZEL ANNEDEN COCUKLARA MASALLAR",21838,"14.00"
"EN GUZEL KARADENIZ FIKRALARI",25820,"14.00"
"KIRTA.TEMAT TK 107 KALEM 0.7",23936,"14.00"
"DEO NIVEA ROLL-ON DRY 50ML ERK",11987,"13.90"
"GARNIER ARIND.TONIK KARMA YAG.200 ML",2141,"13.90"
"MİKRO GLUE STICK 9GR",9621,"13.65"
"ONAS TAHTA KALEMI SIYAH",14938,"13.65"
"KUCUK DOZER",21447,"13.63"
"COOK EKO.PLS.KUCUK TABAK 10'LU *120*",7387,"13.45"
"CANEM SESLI DIREKSIYON",16394,"13.20"
"KENT CORBA 18 GR KREMALI SEBZE *24*",7906,"13.00"
"TUTKU COCUK DANTELLI TAYT",14287,"12.90"
"ULKER 388-7 9 KAT FIND.GOF.62 GR *18*",10479,"12.60"
"PRT.PAKMAYA PUD.BAL BADEM 2LI",18510,"12.53"
"METAL TUKENMEZ KALEM",23225,"12.48"
"P.BA.52417 BONBON MAVI BARDAK TK",5886,"12.48"
"KENT OLIPS 28 GR CILEK *24*",10223,"12.25"
"BEN10 VERSATIL KALEM",8516,"12.25"
"KIRTA.FABER MERCANLI 2160",26810,"12.25"
"MAVI FOSFORLU KALEM",22109,"12.00"
"CITIZEN CT 600J HESAP MAKINASI",15546,"12.00"
"VENUSLINE SAC FIRCASI 5142",23506,"12.00"
"KIRMIZI PERMANENT KALEMI",16966,"12.00"
"PELIKAN 12R SULU BOYA BY",11157,"12.00"
"TORKU PEYNIR LABNE 200 GR *32*",14921,"11.98"
"NESTLE 65 GR ANTEP FISTIKLI KARE *6*",3977,"11.97"
"DERBY TRAS KOPUGU 200 ML MENTHOL",26822,"11.90"
"DUNYA MASALLARI 2",27203,"11.76"
"TITIZ KARMA CAM KAVANOZ",11319,"11.70"
"SAFIR TATLI KASIGI 6 LI",8902,"11.64"
"CALVE MAYONEZ 250 GR *12*",5270,"11.52"
"WEE 840 SILIKON DAMAKLI EMZIK NO1",17881,"11.38"
"KIRTA.TEMAT STICK YAPS.10GR",23926,"11.25"
"OYUNCAK SU TABANCASI",25474,"11.00"
"OYUNCAK 33 CM PELUS",19947,"10.80"
"GIPTA OFICA MER.KAY.BANT 50MMX25M",5174,"10.80"
"WINKS VERSATIL KALEM TRAS",5209,"10.80"
"KARTELA OK ATAN 2 LI TABANCA SET",3468,"10.80"
"SAMUR S.BOYA FIRC.N0 1",7127,"10.80"
"DEO JAGLER BAY STORM 150 ML",17414,"10.75"
"TITIZ ARONI AP-9091 PAPATYA ERZ.KB. 1,7 LT",21735,"10.50"
"TOTAL KREPON KAGIDI FOSFORLU",9714,"10.50"
"MONAMI DUST FREE SILGI BUYUK",80,"10.50"
"PIKNIK 1494-P KART.TAB.10 LU KC *120*",3187,"10.47"
"ZENGIBAR ISOT 100 GR",25455,"10.32"
"P.BA.10424 RENKLI PAELLA BOL KASE",17918,"10.32"
"DOGADAN GEL.K.DENIZ B.POSET 200 GR*6*",26830,"10.20"
"BAG.POS.5 LI VANILYA 5 GR.*30*",20808,"10.20"
"MILKA JOY SUTLU 60 GR *20*",13083,"10.08"
"KIRTA.MABER SOFT SILGI",20934,"10.00"
"MAGIC ZEKA KUP",8848,"10.00"
"P.BA 42461 MISIS G4U CAY BARDAGI",24496,"9.90"
"PIKNIK 1484-P KART.BARD.9 ONS 6'LI *100*",26651,"9.90"
"BIZIM MUT.CORBA SIYEZ BUGDAYI 107,5 GR *12*",22041,"9.75"
"WRİGHT TRUCK SET",9398,"9.75"
"OYUNCAK KUT.NESE GELINLIKLI BEBEK",18474,"9.60"
"MAROL ENDIVYA",866,"9.60"
"KEYROAD 250 GR BEYAZ TUTKAL",11135,"9.60"
"EDDING TAHTA KLM. MUREKKEBI",12022,"9.60"
"ALGIDA 750 ML KAK-VAN.X6",5433,"9.60"
"CENTI 12 LI KURUBOYA",15291,"9.60"
"FABER ASETAT KALEM KIR.M",13445,"9.60"
"PRT.GONDOL G-90102 KEK KAPSULU PVC KUCUK",9941,"9.60"
"ADEL CAM BANT 33 MT",7528,"9.60"
"SUPER F.BEZELYE 450 GR *20*",22577,"9.50"
"HOBBY SIVI SAB.400 ML MOR ROMN.*24*",19112,"9.00"
"TUTKU ERKEK BAXER",15752,"9.00"
"PEROS YOGUN C.SUYU 750 ML BAH.FERAH. *16*",24480,"9.00"
"TOTAL GRAPON KAGIT BEYAZ",24181,"8.75"
"DELTA ZIMBA TELI 10",13252,"8.75"
"KIRTA.MET.40 YAP.CIZGILI LISE",25496,"8.75"
"HSAKIR GUZ.SAB.280 GR KLS.CICEK-SERENTY *24*",18879,"8.60"
"CARPEX TYPES KLIMA KOKU SUMMER BREEZE",29,"8.55"
"MABER TAHTA KALEMI 35B DOLDURULABILIR KIRMIZI",22188,"8.50"
"PRT.UDAG WA0026 ALTILI CEREZLIK",11072,"8.45"
"JOVI OYUN HAMURU 4 LU",8165,"8.40"
"MAGNUM MP202 VERSATIL SIYAH 07",25035,"8.40"
"VARDEM HACI YATMAZ",27169,"8.40"
"UTOMBUL KC.KAMYON",27652,"8.40"
"KIRTA.FB 96 YP KARELI DEF",23378,"8.40"
"CTONA METAL KALEM TRAS",20159,"8.40"
"COCA COLA 1,5 LT SEKERSIZ *12*",15963,"8.30"
"PRT.DAREN S.CAY 250 ML LIMON *24*",7470,"8.25"
"OBA MAK.SPAGHETTI 500 GR *20*",26695,"8.05"
"DIMES SUT 200 ML SADE *27*",18337,"8.00"
"BCR DISPLAYDE",7994,"8.00"
"KENT CARAMELA SUTLU BITTER 210 GR*12*",18883,"7.92"
"NESTLE CITIR GOFRET 5 LI(5X18 GR) BITTER *20*",3553,"7.80"
"UMIT GRISSINI KEPEKLI 100 GR.",7427,"7.80"
"HERO BABY 110 GR SUTLU PRINC MISIRLI",19351,"7.50"
"DERBY TRAS KOPUGU SPORT 200ML",7110,"7.44"
"AILEDE NUR SOHBETLERI",26286,"7.44"
"DR.OETKER CIK.SOS 125 GR.BITTER *24*",5248,"7.30"
"TOTAL IGNE UCLU JEL KALEM",10380,"7.20"
"FATIH FANTASTIK KURSUN KALEM",11215,"7.20"
"TIGRA BALL POINT MAVI SIYAH",27327,"7.20"
"MILAN TRI KALEMTRAS+SILGI",4250,"7.20"
"PENTI 15 DEN SUPER PANTOLON 38",9702,"7.20"
"MABER KALEMLIK 1116",3648,"7.20"
"TICON FON KARTONU 50*70 10LU KRS",7786,"7.20"
"SOGAN KURU-2",16730,"7.20"
"SERVE BOLD 0,7 VERSATIL KALEM",16279,"7.20"
"TOFITA SARIMSAK EZECEGI",9637,"7.00"
"ELB.DOMATES CERI",893,"6.95"
"PAKMAYA 20 GR SALEP *48*",7439,"6.90"
"KIRTA.TICON YUVARLAK KALEMTRAS",11966,"6.60"
"TOTAL SINO 13 TUSLU MELODIKA",27563,"6.50"
"PENSAN TRIBAL TUKENMEZ KALEM 8 LI",23667,"6.45"
"GULSAN RECEL 380 GR GUL *12*",6997,"6.35"
"ETI CRAX BAHARATLI 50 GR",20059,"6.30"
"NEVACOLOR OKSIDASYON %6",18210,"6.30"
"P.BA.10268 MARMARA KAYIK K.",10661,"6.24"
"SARF TERMAL TERAZI ETIKET YATAY 40X58*150*",14279,"6.00"
"TICON FINEWRITER KALEM 0,4",21896,"6.00"
"SERVE BOLD 0,7 VERSATIL KALEM",11323,"6.00"
"BEBEKLI DOKTOR SET",27825,"6.00"
"MAROL MERSIN",315,"6.00"
"ULKER 986-9 C.CROWN 3IN1 SADE 13 GR*320*",18024,"6.00"
"GOLF LUNGO CILEK-VANILYA 105 ML*28*",8065,"6.00"
"TORKU BAR CIK.30 GR COC.TROP.H.CEV. 144*",15272,"6.00"
"MABER RAKET SET",21382,"6.00"
"PELIKAN 24 RENK PASTEL BOYA",15815,"6.00"
"1475 FABER PILOT KALEM VISION",2053,"6.00"
"SUTAS TATLIM 4X60 GR MUZLU PUD. *24*",25687,"5.98"
"OFIS ICLI KEK",14864,"5.94"
"GOLGEKAPAN KARANLIK KUREDEN KACIS",8180,"5.90"
"FLORMAR ACI CILA",17752,"5.90"
"G.ANTEP PATLICAN KURUSU",11118,"5.90"
"TORKU BISK.131 GR TAM BUGDAYLI *24*",4916,"5.80"
"PIKNIK 109-P JAPON KURDAN KAV. *24*",19386,"5.76"
"A.AVIEN OJE 274",3314,"5.70"
"PASTEL NUDE OJE 764 (MIST)",5426,"5.60"
"ALGIDA MAX ROCKS 90 ML",6062,"5.52"
"ERNET1621 GIRGIR IKILI",19203,"5.52"
"TOYBOX GLXY MISKET SAKIZ *144*",22025,"5.50"
"OYUNCAK 23X15 KOLLUK",378,"5.40"
"SIRMA SODA 200 ML KARPUZ&CILEK *24*",20893,"5.34"
"CANEM PIRATES KORSAN",13107,"5.20"
"BIBER SIVRI KIL",118,"5.20"
"ETI PUF RENKLI 18 GR.*48*",12031,"5.00"
"CEREZOS AILE .3 LU SET 66 GR *20*",20617,"5.00"
"TIGRA CIZIM SETI PERGELLI",25003,"5.00"
"AVANT KALEM UCU 0,5 mm",27323,"5.00"
"ETI CIN 25 GR *36*",22050,"5.00"
"30 GUNDE MUKEMMEL CILT",23124,"4.92"
"BERRAK HAVLU 2 LI *12*",9159,"4.90"
"RAYTING TAHTA KALEMI",22225,"4.80"
"SUDOR GUAJ BOYA 10 RENK",6673,"4.80"
"CAILLOU ETKINLIKLER",14401,"4.80"
"AVCI TUFEK SET",13099,"4.80"
"KIRTA.TICAN METAL KALEMTRAS",2560,"4.80"
"DOMATES KOKTEYL SEKER PAKET",42,"4.80"
"ETI PETITO AYICIK 13 GR *12*",3148,"4.50"
"PENTİ SUPER KLT. 500-1",23253,"4.50"
"ULKER FLORES MADEN SUYU 200 ML *24*",19095,"4.32"
"KIRTA.LINEPLUS FOSFORLU KLM.TRC.",7364,"4.25"
"YUMURCAK STRIKERS",26576,"4.20"
"CAPPY MEYVA TANEM SEFTALI 330 ML PET",7673,"4.00"
"ALGIDA CORNETTO IN LOVE CHOCOBERRY",24343,"4.00"
"KIRTA.MONOPOL SULUBOYA 12LI KT",26413,"3.91"
"JUDY MOODY GELECEGI GORUYOR",1366,"3.90"
"SHAZILI HAZ.T.KAHV.SEKERLI 11 GR*12*",25039,"3.84"
"A.AVIEN OJE 271",24993,"3.80"
"ULKER ONEO 2161-08 CILEK FLI.SAK.21 GR 8X20",26814,"3.80"
"ZEBRA DRAFIX 0,7 VERSATIL KALEM",13654,"3.60"
"KIRTA.TURBO CAKMAKLI MIN 0.5-0.7",16336,"3.60"
"KIRTA.FB 72 YP KARELI DEF",23281,"3.60"
"KUM KALEMTRAS 100-1FT",14010,"3.50"
"ULKER BIZIM TOZ PUD.150 GR KAK.FIN.*24*",5583,"3.36"
"SARF SHARP YAZAR KASA RULOSU IGNE UCLU",14848,"3.36"
"MİKRO VERSATIL 2MM",16598,"3.00"
"PRT.STONE ASKIN TADI KLASIK",7255,"2.95"
"FLASH DASH VERSATIL KALEM",6131,"2.93"
"TOYBOX BIG.WAFFER SUTLU CIK.45 GR*24*",19539,"2.50"
"TOTAL GRAPON KAGIT MAVİ",27559,"2.50"
"BIZIM MUT.MAK.500 GR SPAGETTI *20*",17729,"2.40"
"CENTI 24 LU KURUBOYA",12398,"2.40"
"CANEM FARMER HAYVANLAR",4246,"2.40"
"ELMA GOLDEN 2.",1709,"2.40"
"SILKA RUBY SILGI 20'LI",4171,"2.34"
"ULKER 1271-3 HOBBY FIN.BAR 22 GR *144*",6907,"2.25"
"ONAS TAHTA KALEMI MAVI",12603,"1.95"
"SARF (SHD) PAKET ET KUSBASI ETIKETI",3716,"1.90"
"KOSKA HELVA 45 GR KAGIT CIK.KAK. *30*",6621,"1.90"
"SARF (SHD) BATON TEREYAGI KOLISI",17501,"1.90"
"KARTON KAPAK OKUL DEFTERI A4 40/1",26133,"1.50"
"SARF (SHD) TOPAK TEREYAGI STREC",14657,"1.33"
"KIZILAY MADEN SUYU EXTRA LIMONLU 250 CC",26386,"1.30"
"WATTSON 4 LU TUKEN.KALEM SET",12507,"1.20"
"HOBBY SIVI SAB.450 ML NAR OZLU *24*",2888,"1.20"
"CENTROPEN ASETAT KALEM KRM",3122,"1.20"
"KUT.PILLI ISIKLI TRANSFORMERS 0315",24829,"1.20"
"MENTOS STICK SEKER AHUDUDU 18 GR",7361,"1.08"
"ELMA STAR 2.",1534,"1.08"
"SARF (SHD) PAKET ET KIYMA ETIKETI",9914,"0.95"
"ALGIDA MAX LIMON 54 ML *36*",3864,"0.75"
